id,domain,status,purchase_price,renewal_price,attractiveness,demand,length,registrar,created_at,expires_at
00076761-671f-4c1f-a76c-b2a0ed78d034,thickens.kim,available,14.99,,48,1,8,name.com,,
00109bfd-14b1-4fe6-8296-ac855f253492,tillers.kim,available,14.99,,51,3,7,name.com,,
00137f5b-7983-4eda-9c1a-1cb13e1346e0,makewhole.kim,available,14.99,,80,2,10,name.com,,
0029c258-46cc-43d0-a555-78ff94d02e8b,thieves.kim,available,14.99,,45,8,7,name.com,,
005e19fb-074b-4713-8324-d843707917aa,longago.kim,available,14.99,,68,3,8,name.com,,
0071ff06-845c-4143-ab74-e27dff91ae8e,ambled.kim,available,14.99,,58,2,6,name.com,,
008fa0a9-ff25-4db8-90a1-ab2d2af881c3,plays.kim,available,14.99,,56,16,5,name.com,,
00953e57-90f5-4929-83c3-0cc0135a0a50,slideshow.kim,available,14.99,,72,8,10,name.com,,
009cc818-cdd3-4770-96c9-bbb4901b7664,racetrack.kim,available,14.99,,77,10,10,name.com,,
00cb4b50-3bfd-474e-af5a-cd8a6f3f51ea,throats.kim,available,14.99,,44,2,7,name.com,,
00deaf9d-37d8-434f-a8b6-b0eaab3a0cee,standardscore.kim,available,14.99,,42,1,14,name.com,,
012351bf-24ba-4dd4-8060-7b16cc811612,divinehealing.kim,available,14.99,,54,7,14,name.com,,
012e79f2-c1a6-4b44-8930-522f01af6c6b,manysidedness.kim,available,14.99,,64,1,14,name.com,,
014be172-c05d-42cc-b44a-9b69bb83c26b,seemlike.kim,available,14.99,,54,0,9,name.com,,
01790ccc-77ff-4c18-97c2-8e64135b80c4,goaroundincircles.kim,available,14.99,,62,0,20,name.com,,
01857e2f-d3cb-4512-ab1a-938f2f7735ae,committees.kim,available,14.99,,48,3,10,name.com,,
0191722d-9baf-4a1a-b535-c823c161603f,mentioning.kim,available,14.99,,52,2,10,name.com,,
0191c614-dce3-4489-b711-ea677ab04ea2,letslide.kim,available,14.99,,76,1,9,name.com,,
019396c8-c1f4-4473-ae55-652f588fd3e3,cheesecakes.kim,available,14.99,,60,4,11,name.com,,
01d42835-6e26-4b04-8523-e86f410e4422,TwinTowers.kim,available,32.98,,66,4,11,namecheap,,
01eb036a-63f9-4ada-9820-680b99ace3a6,grandnephews.kim,available,14.99,,66,1,12,name.com,,
01ee8c06-4c7b-4010-9ebd-24366a414fd2,gonuts.kim,available,14.99,,76,8,7,name.com,,
0227a2a8-27da-4715-bf38-a24aa194cdb1,getoveron.kim,available,14.99,,72,1,11,name.com,,
025f1309-d96e-4434-8790-4d0ba950c221,soups.kim,available,14.99,,56,6,5,name.com,,
026274e9-84fd-47f4-8fa9-83fcae47dede,settlefor.kim,available,14.99,,76,0,10,name.com,,
0269d31b-994d-4bce-8073-bd287c520180,highsugar.kim,available,14.99,,52,1,10,name.com,,
02753f20-cd67-4e63-8e50-34642110f9bb,Catholics.kim,available,14.99,,58,8,9,name.com,,
02769dd8-8fbb-4050-81be-649e4fbe0d73,comeupagainst.kim,available,14.99,,38,1,15,name.com,,
0277ac2a-8b65-4e62-a3cc-2064b36eb480,organisational.kim,available,14.99,,54,1,14,name.com,,
027a6f3d-db6a-4a5c-bc6f-8e94d023eafb,comeintoplay.kim,available,14.99,,70,1,14,name.com,,
0285f7b0-c9a7-4827-815a-3ba1f8fb3226,communityspirit.kim,available,14.99,,72,2,16,name.com,,
0287abd8-b363-4a74-948e-1a332be98bd7,puddings.kim,available,14.99,,57,2,8,name.com,,
028a5cb4-4458-4101-bf95-a00d22bedb71,likeso.kim,available,14.99,,52,1,7,name.com,,
02b6fe9b-a892-414a-baaa-c0c6d2e6744e,feelfor.kim,available,14.99,,70,2,8,name.com,,
02cfb7db-ceef-43c4-a418-a6b514b91b6a,inthewind.kim,available,14.99,,52,2,11,name.com,,
02df9a70-8a90-44a0-b34d-370390dc1442,filein.kim,available,14.99,,68,2,7,name.com,,
02ef0775-300a-4be9-a490-3c69fa857ef5,cometoanend.kim,available,14.99,,62,1,14,name.com,,
02f0511a-ca1a-4a98-8714-0b47117800b9,resources.kim,available,14.99,,58,21,9,name.com,,
02fc77b7-525b-4310-8bfa-86885256b4da,smiled.kim,available,14.99,,66,5,6,name.com,,
030578a4-6bf0-4d67-894e-f00732d2132c,commonpractice.kim,available,14.99,,66,4,15,name.com,,
031042be-fec9-4eba-8f2f-59263f74c934,splits.kim,available,14.99,,70,9,6,name.com,,
03118851-bfdc-471f-9aee-cbc730a9c525,randoms.kim,available,14.99,,48,8,7,name.com,,
0317aee0-e59c-470b-9e62-1dcd3246e62a,radioed.kim,available,14.99,,50,1,7,name.com,,
0320f109-5077-4fe1-8ea7-cfd2565fe927,texted.kim,available,14.99,,59,4,6,name.com,,
03291a77-b9cb-4738-bc6d-d9b19357d5e3,arrests.kim,available,14.99,,46,5,7,name.com,,
0347d6b3-bc0d-4171-94f1-70b287ad54ae,makesout.kim,available,14.99,,56,1,9,name.com,,
0348da74-02c1-419d-990d-c858663ca3f9,costbenefit.kim,available,14.99,,52,3,12,name.com,,
0349acd4-2365-4c98-b7c0-e553137f6115,patches.kim,available,14.99,,53,16,7,name.com,,
034ce650-c470-4377-8f64-e1ffab46580b,goround.kim,available,14.99,,68,3,8,name.com,,
03905a4d-3c8c-48c9-85b8-dc6f0afb5f29,payments.kim,available,14.99,,58,33,8,name.com,,
03936c10-dfb6-42d3-aeab-d6abe49e5c1f,remained.kim,available,14.99,,50,2,8,name.com,,
03a9800f-2250-4fce-b4d1-1c0b31211cec,coffeeandcake.kim,available,14.99,,72,2,15,name.com,,
03a9a957-74bd-4c8c-a18d-dd2b78de76a0,partwith.kim,available,14.99,,68,1,9,name.com,,
03b63dfc-58e4-4dd3-aafa-adc2a0d5f04f,luncheonettes.kim,available,14.99,,52,1,13,name.com,,
03c8972a-d23d-4c68-9bea-0e0c84c353a0,trends.kim,available,14.99,,60,32,6,name.com,,
0408a40b-e84c-4837-823d-6193252cc6a0,stitches.kim,available,14.99,,46,10,8,name.com,,
040a9cac-d179-4bd5-8403-0779eb78573a,comeonover.kim,available,14.99,,78,2,12,name.com,,
04153be0-86e8-48c1-8e04-5828f122b277,filings.kim,available,14.99,,48,8,7,name.com,,
0426f36c-ffeb-4c4c-8f8c-6b710cb2004a,bonfires.kim,available,14.99,,60,4,8,name.com,,
045ee6bd-be3d-43ac-815e-6b6014dbae00,leaveoffice.kim,available,14.99,,58,0,12,name.com,,
046416ab-fa18-431a-8502-c9f8d0abe817,technicals.kim,available,14.99,,52,6,10,name.com,,
046635af-9aeb-4835-b9a4-ca1fa0444bed,letthematterdrop.kim,available,14.99,,47,1,19,name.com,,
0470f7c4-e9bd-4cff-a3ad-1a3fc303c4ec,setinstone.kim,available,14.99,,68,4,12,name.com,,
047bce57-bb78-4de3-b43d-6ff8139cbb94,CatholicChurch.kim,available,32.98,,70,5,15,namecheap,,
04ae25cf-84f4-445d-8ea5-40df84c3c4e8,launches.kim,available,14.99,,65,8,8,name.com,,
04b468bd-44df-4d91-88fd-4cf997b37ee1,heroes.kim,available,14.99,,68,29,6,name.com,,
04b5c79b-83ac-4d25-8ac4-a65a5f697733,constraints.kim,available,14.99,,44,2,11,name.com,,
04c2ef85-3cb5-4d9d-a591-ed9a575f0330,estatesforlife.kim,available,14.99,,42,1,16,name.com,,
04d174b4-8645-4663-a74a-ac90f0ae5e63,replied.kim,available,14.99,,58,4,7,name.com,,
04d5f78e-85fe-4fc6-adcb-aaea6c23340d,touchdowns.kim,available,14.99,,57,2,10,name.com,,
04dacb94-e7eb-4b95-aa82-caccc137a8a7,stockings.kim,available,14.99,,58,6,9,name.com,,
0506e2c8-ad03-425c-8753-755d93b2f72d,sqin.kim,available,14.99,,72,3,5,name.com,,
0520c913-7121-4ccf-b769-23e7911a26ad,rented.kim,available,14.99,,54,8,6,name.com,,
05327f16-7f19-4286-8a95-96f8fe31f85e,requirements.kim,available,14.99,,56,9,12,name.com,,
0541a5cd-7186-46f0-8cc6-994163ec5d03,goby.kim,available,14.99,,74,9,5,name.com,,
05599c8e-2860-43e7-9623-0013fd29ebd3,hightech.kim,available,14.99,,83,16,9,name.com,,
056e16d0-fbea-4814-a336-fae9bdb78e2c,shorted.kim,available,14.99,,61,4,7,name.com,,
05854277-81ca-4018-a54f-4be6c6c31c80,getmoving.kim,available,14.99,,84,7,10,name.com,,
05942cdd-3271-4b05-8d8b-58d8e58182c2,pounds.kim,available,14.99,,58,7,6,name.com,,
059ada20-9ba1-43e0-b46c-faa6e9242568,notifies.kim,available,14.99,,50,3,8,name.com,,
05aaf92f-5541-427e-ba3b-1eef15d95295,DeadSea.kim,available,32.98,,50,6,8,namecheap,,
05acf08d-b726-4d91-9ea5-7b0cfe7f29c2,launched.kim,available,14.99,,65,13,8,name.com,,
05b7c516-47d3-4311-a07e-4c47249139fb,affects.kim,available,14.99,,54,4,7,name.com,,
05cac0c3-9a7a-4132-8641-20d5868797f3,makeupfriend.kim,available,14.99,,60,1,14,name.com,,
05d6004b-a756-4868-b19b-0b2e454611b1,nosmoking.kim,available,14.99,,54,5,10,name.com,,
05d66698-4034-448d-8de1-1901b4d2b3ef,deadoralive.kim,available,14.99,,54,5,13,name.com,,
05d9f260-9e26-446a-a88a-d6a8461e5aa5,coulduse.kim,available,14.99,,56,1,9,name.com,,
05f62671-a957-4cd7-8949-87fe9359d753,photocopying.kim,available,14.99,,68,2,12,name.com,,
05f6b3a9-0828-4b0a-947a-2fa2938bc951,flashfloods.kim,available,14.99,,42,1,12,name.com,,
05fab164-5fd4-40d5-a754-0e88f3de7e89,says.kim,available,14.99,,58,10,4,name.com,,
0642091b-b204-4705-9534-2d8e11a76997,Iamadoctor.kim,available,32.98,,50,1,13,namecheap,,
06445af5-2e3b-4cf4-829d-eec13d80b93f,Tabascosauce.kim,available,32.98,,57,1,13,namecheap,,
0653c4a6-7fb1-44d7-95b4-a17e6d18f3a1,predisposition.kim,available,14.99,,62,1,14,name.com,,
0672bd90-de19-4025-b075-5cd580032648,letitsnow.kim,available,14.99,,69,4,11,name.com,,
0686e849-365a-4b8c-8f2a-276ca61e36c5,haveityourway.kim,available,14.99,,56,6,16,name.com,,
068d7090-0b0b-4307-a611-47b1771056de,reflexes.kim,available,14.99,,55,4,8,name.com,,
069c0112-71f0-40ff-b8c0-a91d18ddeb85,makeitcount.kim,available,14.99,,72,8,13,name.com,,
06a31033-4ca0-48d5-8228-49f26f163082,godeep.kim,available,14.99,,74,7,7,name.com,,
06af6a27-0365-4291-a0e1-2726211ab362,stormed.kim,available,14.99,,50,3,7,name.com,,
06bf4d19-1c26-487d-b6d2-bc2d97a45723,stepdown.kim,available,14.99,,74,2,9,name.com,,
06e90aef-cebf-4fb4-9fd3-058454f7cc47,gothrough.kim,available,14.99,,70,2,10,name.com,,
07082338-fd3b-4e3d-94ef-10a58f30d0c6,dropabombshell.kim,available,14.99,,58,0,16,name.com,,
0708987d-fdc6-49e4-9348-a2dac6ffdd01,utilizing.kim,available,14.99,,54,2,9,name.com,,
0709d196-3820-4160-8e11-ed3c6e4660b4,childmurderer.kim,available,14.99,,30,1,14,name.com,,
072b671c-7ccb-4842-b127-5cd90efb4c9f,signout.kim,available,14.99,,75,4,8,name.com,,
072b87ad-d4a9-4b06-8150-978cb73bb460,getaways.kim,available,14.99,,50,9,8,name.com,,
0730592c-f231-4caf-af10-b42c61dede15,demoting.kim,available,14.99,,46,1,8,name.com,,
07460ac3-54d5-4be3-904a-5a3f75b02573,sockit.kim,available,14.99,,70,5,7,name.com,,
07584799-4617-4d4e-b465-74208c3e9c19,thirdyear.kim,available,14.99,,66,1,10,name.com,,
0759d757-1b7c-444b-9e48-1f63d0589dbe,TyphoidMary.kim,available,32.98,,59,1,12,namecheap,,
076796aa-a824-422e-872e-a0a4ad0ef11f,WonderWoman.kim,available,32.98,,92,10,12,namecheap,,
07d469f6-99ef-473a-8456-e39b103b99f4,rollinginit.kim,available,14.99,,46,1,13,name.com,,
07ed1dd0-49c5-4a8e-b4e7-15018ce38859,smartest.kim,available,14.99,,64,20,8,name.com,,
08058bd6-de4f-4b46-8b11-4cd100076354,todolist.kim,available,14.99,,73,12,10,name.com,,
08068e98-23ec-4af1-ba6e-4450ddf1ff59,surveys.kim,available,14.99,,56,15,7,name.com,,
0815e923-864d-4137-bb29-2469d6ceb235,inmyview.kim,available,14.99,,48,2,10,name.com,,
0817cbc6-679d-4757-835b-cedbe11ba482,clearup.kim,available,14.99,,76,6,8,name.com,,
08567ece-38a5-4231-b779-ca07f8f27561,getthrough.kim,available,14.99,,79,2,11,name.com,,
08729f2e-9032-45e8-800f-9243bf08a4e0,forms.kim,available,14.99,,54,28,5,name.com,,
088e0549-78e8-4766-b54e-b774b3c9d514,dogsbark.kim,available,14.99,,76,1,9,name.com,,
08a52866-5113-49a9-96de-e9cc4d90072c,endconsumer.kim,available,14.99,,68,1,12,name.com,,
08aa3b3d-ac7e-4a57-8273-5a572dac260a,stared.kim,available,14.99,,56,4,6,name.com,,
08bd4838-845e-49dd-8b74-f6b88e34b04e,additions.kim,available,14.99,,58,4,9,name.com,,
08c14a1b-657f-4e7a-820d-bc22a1fc1b6a,goingdown.kim,available,14.99,,50,2,10,name.com,,
08df8d80-3edd-4de1-ad8d-ca8f8dee61d2,agreements.kim,available,14.99,,54,6,10,name.com,,
08ecd865-945e-4322-8092-5e17e016aca2,facilitation.kim,available,14.99,,74,12,12,name.com,,
08fccfbd-ed1d-4417-b706-68aa42358ebb,chunks.kim,available,14.99,,46,8,6,name.com,,
09050634-0a7e-4991-b595-6b3117069992,opens.kim,available,14.99,,60,11,5,name.com,,
0921792a-0be7-4071-b0e9-2bdde959a577,berries.kim,available,14.99,,60,13,7,name.com,,
09240b90-34eb-454d-9b35-6e6099cb7cbc,demonstrates.kim,available,14.99,,56,2,12,name.com,,
09372f01-29e9-4473-bef6-716ff2d8ab4b,demonstrated.kim,available,14.99,,68,3,12,name.com,,
095461d9-b4aa-48ce-9cb8-e82c1a7c9267,OpiumWar.kim,available,32.98,,52,1,9,namecheap,,
095a9e85-20ca-4b36-8320-152d8adc0116,ported.kim,available,14.99,,68,3,6,name.com,,
098abac1-df73-4679-bb6a-864772607ffa,strengths.kim,available,14.99,,62,6,9,name.com,,
098caa90-4e8a-4c02-86c7-2897511e8702,privatestock.kim,available,14.99,,64,5,13,name.com,,
0996fe19-b0bf-4eaa-93d7-638b5d2b2a74,busoperator.kim,available,14.99,,50,2,12,name.com,,
099f2cc7-6b66-4c6d-ab05-16591eef3b45,goquietly.kim,available,14.99,,66,1,10,name.com,,
09b17463-d26b-4ae3-bcda-b2aa3590f241,sexualassault.kim,available,14.99,,43,3,14,name.com,,
09cbfbc0-168e-4e81-b8da-5add5f18c982,paused.kim,available,14.99,,56,6,6,name.com,,
09cc2a1f-ce6f-4564-8fde-53c038be9679,divineinspiration.kim,available,14.99,,56,1,18,name.com,,
09d52e65-18a2-4a9a-9f4c-a54172b2e16b,oysters.kim,available,14.99,,57,9,7,name.com,,
09dab56f-317e-4fee-99d9-e3873ddc59e2,sweeps.kim,available,14.99,,51,12,6,name.com,,
09dc10c0-f95c-458d-9d9c-8a8937a98eea,keepstraight.kim,available,14.99,,62,1,13,name.com,,
09ed4345-7c25-46ed-8abc-e0506c152741,parkin.kim,available,14.99,,59,8,7,name.com,,
09f65094-78b1-49bc-8e80-b85fc34a8680,havetheblues.kim,available,14.99,,58,1,14,name.com,,
0a0b22d1-d8c7-487b-a669-4706f012c449,objectives.kim,available,14.99,,54,5,10,name.com,,
0a2226d8-f218-4049-a901-a18734c5d5c0,accountpayable.kim,available,14.99,,62,2,15,name.com,,
0a265566-c373-4ae7-b421-fbb249c13394,justgone.kim,available,14.99,,61,2,9,name.com,,
0a5e7ad4-9b4a-4fd3-aab5-5746971a85ad,thenandthere.kim,available,14.99,,54,2,14,name.com,,
0a718f6f-3865-4d34-bc8d-001624745e70,pertained.kim,available,14.99,,52,1,9,name.com,,
0a858866-0d6c-4a6a-84fb-40cba758e175,Jews.kim,available,32.98,,50,12,4,namecheap,,
0a9f834c-3db2-4c2c-a93b-0b3662c116f6,gostrong.kim,available,14.99,,74,4,9,name.com,,
0ab7285a-4e4b-47ab-be80-96301ce1288e,proxycard.kim,available,14.99,,44,2,10,name.com,,
0ac0d199-c0f9-41c4-b9d4-97608b4b2f0f,superhero.kim,available,14.99,,84,23,9,name.com,,
0ac90d8b-f3c9-4848-a84f-1734159fe25b,conveniencestores.kim,available,14.99,,46,2,18,name.com,,
0ad448ba-eb45-4e01-94db-ada07ab2121f,prejudices.kim,available,14.99,,38,1,10,name.com,,
0aebb7d3-c35f-48c3-a906-4a171cbfd0a5,squealed.kim,available,14.99,,40,1,8,name.com,,
0b1863df-e86a-4895-867f-480bfe2b8664,bandits.kim,available,14.99,,40,10,7,name.com,,
0b18aee2-fee7-4d6c-9b07-127de1ac5ff6,thoughts.kim,available,14.99,,65,18,8,name.com,,
0b2bd780-5030-4aba-bb56-1a21b31ad452,thongs.kim,available,14.99,,50,5,6,name.com,,
0b3ddac5-d5f1-4175-823a-1b6b49f46507,pizzaslice.kim,available,14.99,,56,4,11,name.com,,
0b45b916-853c-4478-859e-8f927d95948c,poreover.kim,available,14.99,,62,1,9,name.com,,
0b5d35db-844a-4119-9ed0-e5108cb02435,mouths.kim,available,14.99,,49,3,6,name.com,,
0b6b2050-e093-4cc9-8e22-9d87f263d853,ofinterest.kim,available,14.99,,50,3,11,name.com,,
0b857d43-38b1-40d3-a778-b1599f5d8324,slipdress.kim,available,14.99,,76,1,10,name.com,,
0b8d2dbc-a1ee-4ed3-a532-78cd6d09629b,sellon.kim,available,14.99,,68,6,7,name.com,,
0b8ddbb6-8fae-426d-a490-c62319b175a2,keepittogether.kim,available,14.99,,68,2,16,name.com,,
0b9a207b-aee9-43da-b1bf-23ff45d65148,honeymooning.kim,available,14.99,,82,2,12,name.com,,
0baed2e6-15d2-4b63-ad45-25dabea40f64,toneup.kim,available,14.99,,80,5,7,name.com,,
0bb2ec5d-9fde-4a13-8110-26c425423e69,buds.kim,available,14.99,,54,15,4,name.com,,
0bcbfbbc-c568-4df7-b051-26bcdaffdfea,establishes.kim,available,14.99,,50,1,11,name.com,,
0bd0356e-0a14-4566-b465-7ef831fd0e5f,inthelimit.kim,available,14.99,,50,1,12,name.com,,
0be18b31-eb65-4850-a5dd-e960a98f26b0,Iswear.kim,available,32.98,,58,2,7,namecheap,,
0be30ef1-380f-49a4-86fe-fcb052b19c55,uncared.kim,available,14.99,,57,1,7,name.com,,
0c05dfd0-f0b8-45ec-846a-7c83728277e2,strapup.kim,available,14.99,,68,1,8,name.com,,
0c103dd9-e680-453c-aafb-3f13f80fd5a3,planes.kim,available,14.99,,67,13,6,name.com,,
0c2677c0-6033-4fd5-9127-e43c4abf79e0,offcampus.kim,available,14.99,,67,7,10,name.com,,
0c5449b2-9755-47fe-a44d-6494cdddfa52,praises.kim,available,14.99,,56,3,7,name.com,,
0c655e50-21ae-4c4b-81f1-b39ddc4854eb,upperlip.kim,available,14.99,,52,1,9,name.com,,
0c67db5e-84f9-4a1d-8824-16217d774fcd,justrewards.kim,available,14.99,,56,3,12,name.com,,
0c68b1f4-9c21-4208-b913-5c233bde8d3e,goingto.kim,available,14.99,,56,6,8,name.com,,
0c6adb65-ab7c-4239-891b-6ee749055d85,fitlikeaglove.kim,available,14.99,,76,1,16,name.com,,
0c73d4c7-a08a-431a-b582-a3c0c2898155,appreciates.kim,available,14.99,,62,3,11,name.com,,
0c7fba59-bafe-4f38-b46f-49779719e953,cometofindout.kim,available,14.99,,42,1,16,name.com,,
0c9c157e-b366-486d-a1a8-85df4e8e4996,trios.kim,available,14.99,,50,9,5,name.com,,
0cb917b9-95cc-4b7a-8334-4d1a9645221a,veterans.kim,available,14.99,,56,23,8,name.com,,
0ce40e7a-e929-46e3-8fe3-cec3429b0da9,neighbourhood.kim,available,14.99,,70,14,13,name.com,,
0ce469d4-fa7a-4e3a-aeea-f3c5e4038511,honeymoons.kim,available,14.99,,64,6,10,name.com,,
0ce545e6-9981-41eb-b08c-5c7420a903f7,furnishings.kim,available,14.99,,80,5,11,name.com,,
0cfa60db-a0ad-49b2-a9f9-7e28c6d774ea,adventures.kim,available,14.99,,64,18,10,name.com,,
0d02f96f-5d8f-4add-833e-04fef2905f44,specialness.kim,available,14.99,,70,1,11,name.com,,
0d031569-1ed2-4f8a-862b-2289e2f1dba9,pans.kim,available,14.99,,52,8,4,name.com,,
0d1929d7-db8b-49f6-97c6-5d06abad4b37,profitability.kim,available,14.99,,76,8,13,name.com,,
0d1d74a9-6ad6-4501-bad7-e68abc20e7af,outlets.kim,available,14.99,,56,10,7,name.com,,
0d38404a-2d5b-416d-b5e4-ac2098b73d23,moveahead.kim,available,14.99,,76,6,10,name.com,,
0d3fd0fd-9fa8-41da-9db3-000fd87d879a,newer.kim,available,14.99,,60,8,5,name.com,,
0d767bb5-a6aa-4b62-ace3-4dcd9dc7516c,parkertruss.kim,available,14.99,,48,1,12,name.com,,
0d853375-e181-499d-83e3-bd1ff32b7804,placeupon.kim,available,14.99,,48,1,10,name.com,,
0d99f716-490c-4923-9553-ab6493eec484,propagates.kim,available,14.99,,49,1,10,name.com,,
0d9e62f3-906f-4236-9200-0d9a82c7f49c,aswespeak.kim,available,14.99,,58,2,11,name.com,,
0db442bc-24d9-4cf8-8a58-7dac9e15e7b0,bloodpressuremeter.kim,available,14.99,,48,1,20,name.com,,
0dc4a0d0-9cd4-464e-9e4f-b41c6ec12568,instore.kim,available,14.99,,74,12,8,name.com,,
0dcfcb7e-ec2f-4f2b-9c2d-108569e6c4b2,cometopower.kim,available,14.99,,66,1,13,name.com,,
0dd99a40-a1b3-453f-a9b9-ab38a564abab,lists.kim,available,14.99,,60,14,5,name.com,,
0de252cd-b7c7-42dc-91ed-b4102e51b9cb,cables.kim,available,14.99,,54,11,6,name.com,,
0dfa99ce-8d95-48dc-884f-8c06dac348ae,goonebetter.kim,available,14.99,,62,1,13,name.com,,
0e1ae9c5-ec53-461f-b56f-e2f9ffea607a,probablecause.kim,available,14.99,,55,2,14,name.com,,
0e306b5d-ab2c-4d5f-a19e-bee95293a3fe,herbbutter.kim,available,14.99,,80,1,11,name.com,,
0e348d92-d854-4a3e-bbaa-fc22dfa7cc7e,fittest.kim,available,14.99,,58,7,7,name.com,,
0e6bb5d4-9f4d-424f-bb4a-40f046270e2f,collapses.kim,available,14.99,,38,1,9,name.com,,
0e75b221-b3fe-49c5-8cc4-5dcfac9445c2,cutthrough.kim,available,14.99,,74,6,11,name.com,,
0e7f3c90-7069-41c6-b64b-4d06b86ed1a8,SaintGeorge.kim,available,32.98,,54,6,12,namecheap,,
0e961dee-3c5a-41ab-ab5c-9e1d502989dc,getphysical.kim,available,14.99,,80,1,12,name.com,,
0eb086c1-3d26-4cf6-8b66-8dee250434c8,finds.kim,available,14.99,,62,16,5,name.com,,
0ed6e0b3-2295-4d91-8187-0bee5ac2a7e0,reunions.kim,available,14.99,,58,5,8,name.com,,
0edc8186-be08-486c-9f41-8fb28d5d4b0b,herds.kim,available,14.99,,50,7,5,name.com,,
0f0d6873-6603-434c-812f-979cd4989313,DaffyDuck.kim,available,32.98,,86,2,10,namecheap,,
0f116a58-043f-456d-8c1a-bb1683deb139,PennStation.kim,available,32.98,,63,3,12,namecheap,,
0f16c897-4069-4f10-826c-7bf565991b99,ranted.kim,available,14.99,,48,2,6,name.com,,
0f393948-68e7-447c-8d83-0336a7b27854,waitforit.kim,available,14.99,,43,4,11,name.com,,
0f5beeed-5ba4-4eb6-9b32-a173eee3a7d3,billofrights.kim,available,14.99,,70,3,14,name.com,,
0f67c715-0c93-4b47-9d53-b176cdd04d04,teenyweeny.kim,available,14.99,,78,2,11,name.com,,
0f73e51d-93f7-4e69-a7da-c9df645c7662,instep.kim,available,14.99,,72,7,7,name.com,,
0f78852f-5a72-4061-bf05-a44011a2a64b,waxpaper.kim,available,14.99,,66,2,9,name.com,,
0f94566d-1ae9-40e9-b1b6-ae30954653b3,socialstatus.kim,available,14.99,,64,6,13,name.com,,
0fcaa748-8fe3-4592-ae5a-a8ac397599b8,JollyRoger.kim,available,32.98,,82,10,11,namecheap,,
0ff022ca-dc6e-4721-b352-71a38866c2f6,yielded.kim,available,14.99,,56,3,7,name.com,,
102aa4e0-7b7a-4729-ae35-39b1f69759ba,movesouth.kim,available,14.99,,49,1,10,name.com,,
10599e64-4e06-4cfa-9eaa-9cf1b1b247b3,drums.kim,available,14.99,,54,11,5,name.com,,
1067595d-4810-44b0-bc88-23d8406501da,turns.kim,available,14.99,,62,7,5,name.com,,
10713c12-45dc-400f-aa68-c767fb32f9ec,trussbeam.kim,available,14.99,,54,1,10,name.com,,
107d27da-a2ec-4bb1-aa8f-c096fcb47ac1,getoffthemark.kim,available,14.99,,66,0,16,name.com,,
1088a948-efbf-41a3-a21a-e30c7029bac7,sisters.kim,available,14.99,,63,15,7,name.com,,
10a12d97-988c-4a83-bae7-2f2e2231e9b4,inunison.kim,available,14.99,,72,4,9,name.com,,
10ad8029-9cd5-4edf-a772-cd18eef726ca,excites.kim,available,14.99,,50,2,7,name.com,,
10c52d89-1f98-4012-b823-800c5c910416,systems.kim,available,14.99,,46,27,7,name.com,,
10c93642-dfb9-43fa-9956-5ef04784a182,goingaway.kim,available,14.99,,54,1,10,name.com,,
10d508b9-8604-475b-9eb0-25b36a0a08f7,grams.kim,available,14.99,,70,12,5,name.com,,
10d56b45-dc1d-4eb3-bea1-b5a500faba05,glances.kim,available,14.99,,52,5,7,name.com,,
10e09c5b-0950-49ab-ad3d-e98b4567b2f1,jetblack.kim,available,14.99,,82,8,9,name.com,,
10f0038c-9f35-4698-a5ff-7abbfe76a622,puts.kim,available,14.99,,58,7,4,name.com,,
1100d9fd-5e03-4f00-803c-513684de82a0,apartments.kim,premium,1107,1107,60,21,10,namesilo,,
11136a32-b0cf-4b87-abcc-e12d574d2069,dads.kim,available,14.99,,60,17,4,name.com,,
1114ff51-1698-4642-a8ed-219c404243ce,IsleofWightCounty.kim,available,32.98,,52,2,20,namecheap,,
1116de86-b223-4fcf-a5c5-ed796f7aa5f4,successors.kim,available,14.99,,55,3,10,name.com,,
1162ff0a-9daf-4969-b178-0952be0b35a3,tablets.kim,available,14.99,,68,11,7,name.com,,
1165f107-8186-4155-a1b4-d43358d052ff,Allie.kim,available,32.98,,72,21,5,namecheap,,
11856b0a-32e4-4f51-bb8a-d7c888614a0c,speeds.kim,available,14.99,,53,8,6,name.com,,
1186f0c7-3de1-4ae9-b486-6b38a4f3e7c1,justthen.kim,available,14.99,,62,1,9,name.com,,
1193342d-39ce-4b90-a832-eba0cd79a6c9,operacake.kim,available,14.99,,80,1,10,name.com,,
11a7c498-0b50-403e-a3f7-775919231fd6,fails.kim,available,14.99,,46,7,5,name.com,,
11abd446-de49-4dec-9778-584e9d48d50a,CountyofRussell.kim,available,32.98,,42,1,17,namecheap,,
11c21967-c404-4d06-a06f-b9d3a4e6dd2c,comics.kim,available,14.99,,68,24,6,name.com,,
12192993-58e6-4a91-b8d4-eb406e1cfe5a,tips.kim,available,14.99,,80,26,4,name.com,,
121caa9c-998c-4a2f-9b62-1fbf132945ab,blewup.kim,available,14.99,,44,1,7,name.com,,
12364fc9-e930-4d31-8f59-1cad4f411767,gobelow.kim,available,14.99,,72,0,8,name.com,,
1247184d-8cf8-45f3-8c0d-47c0e96f67c8,started.kim,available,14.99,,60,11,7,name.com,,
1258877f-668a-4635-aede-20ece0427c62,goonvacation.kim,available,14.99,,48,1,14,name.com,,
125d5c89-3248-43bf-be17-a9d6f245906b,elephants.kim,available,14.99,,68,9,9,name.com,,
126d7f88-af67-4a24-848d-34c39ea80d61,bluecheckmark.kim,available,14.99,,70,2,15,name.com,,
1294f8a7-1e36-41e0-b7b7-bb6639d035aa,bloodpressuregage.kim,available,14.99,,48,1,19,name.com,,
12e02134-b6df-4e65-a8c1-f02e8ef63e36,topfive.kim,available,14.99,,52,9,8,name.com,,
12e4d116-a0d1-4ece-9866-9c48fad1cc08,partitioned.kim,available,14.99,,48,2,11,name.com,,
130758b9-81c4-4c13-bd17-f2b986310898,moveit.kim,available,14.99,,77,13,7,name.com,,
13101525-1406-4e1c-9bfb-ff6b0146ba73,screwdrivers.kim,available,14.99,,52,4,12,name.com,,
131bda40-a220-487f-b445-7c8026c9ac4e,somewhereelse.kim,available,14.99,,60,3,14,name.com,,
13274ccc-7f01-485c-87e7-1a162f5d2a5d,CapeCod.kim,available,32.98,,78,22,8,namecheap,,
132c3e59-c8f4-4a5e-8412-62e9aef1bb6a,getthehangof.kim,available,14.99,,71,1,15,name.com,,
13409b4d-2b89-4a18-9113-82bbd7fe2062,havea.kim,available,14.99,,60,7,6,name.com,,
1342ef12-9900-4267-b6c9-1423f209cddc,keepthepace.kim,available,14.99,,66,1,13,name.com,,
135afa04-ccb0-4e15-a758-c7bb8a34faa5,dogwalking.kim,available,14.99,,94,8,10,name.com,,
13621b25-2839-41b8-b823-878a6658461c,prettywell.kim,available,14.99,,60,2,11,name.com,,
136347ce-9b8a-476c-b3b1-d9160d1bebd4,thanksbe.kim,available,14.99,,60,1,9,name.com,,
138000ac-f73f-43d4-be8c-ca404623e7b5,desktops.kim,available,14.99,,62,6,8,name.com,,
1387b227-3955-4fda-a98e-75859d3ffec4,comeupto.kim,available,14.99,,72,1,10,name.com,,
13fe080d-ab7b-4b30-a161-36f649612d5e,manysplendored.kim,available,14.99,,60,2,15,name.com,,
140f936a-596f-419f-999b-9d8844abdbf5,GeneralTsochicken.kim,available,32.98,,70,1,19,namecheap,,
146a47e1-1a37-499d-92d4-e406c3f6d89d,OxyContin.kim,available,14.99,,64,6,9,name.com,,
146c0cd6-1a9f-4ae7-a355-8d8efe6272c3,gettobe.kim,available,14.99,,54,1,9,name.com,,
14730102-93dd-455c-870e-daf6a4234fdc,stuffyou.kim,available,14.99,,44,1,9,name.com,,
14ab9e05-aa30-4e4b-9828-e7f5ed4c6da8,shops.kim,available,14.99,,64,24,5,name.com,,
14ac8b63-c5cb-4291-992a-57c5f846bd24,abided.kim,available,14.99,,70,1,6,name.com,,
14b05607-16c8-4d08-8947-67c842dccae3,longterm.kim,available,14.99,,72,10,9,name.com,,
14c06a05-6fc5-4adc-8ef5-d9383cd9cb85,showingup.kim,available,14.99,,59,4,10,name.com,,
14c22f02-d16f-4358-ba1e-233e12d69500,progressing.kim,available,14.99,,56,3,11,name.com,,
14c562fc-1fa2-4f91-a3d5-d595f595b33e,playlists.kim,available,14.99,,60,10,9,name.com,,
14d71326-ee15-42c5-b6d3-487527018995,organisations.kim,available,14.99,,52,3,13,name.com,,
15120ce6-e50c-4fdb-8d77-21585ec511da,justthejob.kim,available,14.99,,56,3,12,name.com,,
154ab3f7-13cc-4615-b9a4-b516e5a10020,tended.kim,available,14.99,,50,7,6,name.com,,
1575503c-8364-40d5-a88b-5a5a22fe46fb,relics.kim,available,14.99,,52,7,6,name.com,,
157fc2c0-fa83-4710-9342-46a8a7a94272,cliponmicrophone.kim,available,14.99,,48,1,18,name.com,,
158441d1-005c-4c0d-a7c7-3ca9288c8644,holdingtheball.kim,available,14.99,,62,1,16,name.com,,
15d43315-066f-4d77-a7e1-3fa4dca63e6e,chestnuts.kim,available,14.99,,54,5,9,name.com,,
15e3b154-7271-4986-b4b2-c0c9e99ecc8c,rained.kim,available,14.99,,50,4,6,name.com,,
15faf1e0-3ea7-4993-b6ba-503f69214711,subsidiaries.kim,available,14.99,,51,2,12,name.com,,
161e532e-fa09-44fc-9f12-6b9748f74423,windowshop.kim,available,14.99,,83,5,11,name.com,,
1629e280-b18c-4f2d-b006-276a823e8b8a,pomegranates.kim,available,14.99,,60,4,12,name.com,,
1633fb47-f08f-48dc-b9d0-c663f6671be7,serves.kim,available,14.99,,54,7,6,name.com,,
164ced60-e703-4773-9762-37b8ee883b7c,brothers.kim,available,14.99,,60,22,8,name.com,,
1663f379-cd0b-4d97-9b7f-5016530e46b2,PopeGregoryI.kim,available,32.98,,28,1,14,namecheap,,
167e624b-ffe2-4633-85a9-095b329ecb39,getlate.kim,available,14.99,,72,1,8,name.com,,
1689a78e-c85b-4da8-99ac-2607ca96e507,Ilostmywallet.kim,available,32.98,,50,1,16,namecheap,,
16a3cad5-34be-455b-b7a0-08bf95147f2b,champs.kim,available,14.99,,56,16,6,name.com,,
16ba4c51-b63d-4a5a-8a1e-972f5dce578a,windowblind.kim,available,14.99,,48,1,12,name.com,,
16bb4d89-a24e-402e-9f1b-0fe40f94b86a,toburn.kim,available,14.99,,50,1,7,name.com,,
16dfdd04-3dab-4dd5-a782-8548124b9d37,destinations.kim,available,14.99,,72,14,12,name.com,,
16e89e4b-e5ad-4283-aea5-3a89317f713c,keepin.kim,available,14.99,,72,6,7,name.com,,
16fcf26f-eb72-4a80-ba64-2259759ad827,goitalone.kim,available,14.99,,74,1,11,name.com,,
1707762d-2f89-4f55-9fd8-9508c241d34a,ballplaying.kim,available,14.99,,70,1,12,name.com,,
1716ce7a-4eaa-4564-9ea9-babcd33a7290,someoneelse.kim,available,14.99,,54,3,12,name.com,,
173255ed-427e-4906-9b39-13a360a040dd,signover.kim,available,14.99,,69,1,9,name.com,,
173ba894-cd14-44c9-965d-ea017e2b3683,thereyouare.kim,available,14.99,,46,3,13,name.com,,
174ba250-08c5-4fda-805c-e8533736ca3f,pairofspecs.kim,available,14.99,,62,1,13,name.com,,
1759f4b1-11ce-4d57-a96a-c5f8d48a32a9,teamsport.kim,available,14.99,,73,7,10,name.com,,
17659a19-6742-4bb6-9c07-300ea098d92b,expires.kim,available,14.99,,50,4,7,name.com,,
1786f5d3-a005-4bab-891a-0d99c6d77064,bebothered.kim,available,14.99,,63,1,11,name.com,,
1789317d-40f6-40fd-ae68-fd657a2fb1ff,pizzajoint.kim,available,14.99,,56,2,11,name.com,,
17b555a8-58aa-47ea-bbf5-f5307bbdcabb,grandpas.kim,available,14.99,,68,4,8,name.com,,
17e9ea27-99b2-4408-9635-983e9c7f8f8c,gobust.kim,available,14.99,,68,1,7,name.com,,
1827415f-3621-4d7c-b3ce-c1de78bfef80,amatter.kim,available,14.99,,60,2,8,name.com,,
185ed996-ff86-455d-a4ff-1f4e080a55e0,jewels.kim,available,14.99,,80,15,6,name.com,,
186b29c1-f193-47c9-81bf-074ae6fb5d10,adverbs.kim,available,14.99,,50,3,7,name.com,,
187d2209-57a2-424e-a827-281953523dc4,manyhappies.kim,available,14.99,,72,1,12,name.com,,
18b00306-1ac7-45dd-9f52-19f5ccb77d5e,breastfeedings.kim,available,14.99,,48,1,14,name.com,,
18caf634-cde8-41c0-ba69-8d91f78ca8a2,creditspread.kim,available,14.99,,60,1,13,name.com,,
18de416f-b52e-43c9-a3bb-0723a2f1baab,transports.kim,available,14.99,,52,7,10,name.com,,
18e6859a-139b-444f-bd4b-45001933c9ad,gems.kim,available,14.99,,70,28,4,name.com,,
18ee55c7-c8ec-4cfb-bc6f-70fe9a198076,receptions.kim,available,14.99,,53,4,10,name.com,,
18fb0f19-cd7f-423c-a973-5881c302a258,lodged.kim,available,14.99,,60,2,6,name.com,,
1917ecc9-2357-4728-8dff-816338821027,pals.kim,available,14.99,,77,16,4,name.com,,
1922d1f7-5b26-48bb-bdc5-ba2bd6f15df6,roastpork.kim,available,14.99,,76,1,10,name.com,,
19390f6a-d865-4737-8578-4fc129cc0ea8,incheck.kim,available,14.99,,46,5,8,name.com,,
193e77b2-7ff7-410e-83de-8fd376c97a32,switches.kim,available,14.99,,58,7,8,name.com,,
197d107e-fa19-4c2e-8bba-c9d1bfaacc86,profiled.kim,available,14.99,,52,7,8,name.com,,
19be646d-1fb9-4056-8f13-6f4652401c96,choirs.kim,available,14.99,,58,5,6,name.com,,
19e3f2dd-6c97-423a-96c9-aa44eda95b86,BonfireNight.kim,available,32.98,,64,1,13,namecheap,,
19ee1a38-29e6-46de-84aa-951503645a84,opts.kim,available,14.99,,54,8,4,name.com,,
1a1158db-c4d9-4824-abc9-2922d0c71b2c,Ichooseviolence.kim,available,32.98,,44,1,17,namecheap,,
1a18b404-42b3-41e0-a1f5-e63a770f0225,likeitorleaveit.kim,available,14.99,,44,2,19,name.com,,
1a1980c2-d12a-49e1-8019-dee28a7efc39,keepitdown.kim,available,14.99,,46,0,12,name.com,,
1a204418-e268-43e5-b62d-65030e1f16a9,barns.kim,available,14.99,,50,7,5,name.com,,
1a3e3138-4c85-481a-8270-96e3fd752a7e,deeper.kim,available,14.99,,56,19,6,name.com,,
1a7bd212-1d8a-4b58-baa5-2a79883d6f81,getsomeair.kim,available,14.99,,77,1,12,name.com,,
1a8ea196-25fd-44cb-8c64-3ee0ac73a2dc,vetoed.kim,available,14.99,,50,2,6,name.com,,
1ab1ae54-18f4-40cf-a2d4-2c4708bbc888,bees.kim,available,14.99,,54,27,4,name.com,,
1adf3f73-b49a-4d2b-ba59-109242a4f00a,backtobasics.kim,available,14.99,,70,10,14,name.com,,
1ae75342-8846-4ac0-8ac3-e1bfb343f059,SouthTyrol.kim,available,32.98,,66,6,11,namecheap,,
1af78d94-af4d-4a35-9f29-a228c812948d,victims.kim,available,14.99,,42,5,7,name.com,,
1afbcec4-6283-4b78-af1b-80611ff912f8,doesnotcompute.kim,available,14.99,,40,3,16,name.com,,
1b2253f5-381d-40c1-be7a-57f57cfb18c1,godownfighting.kim,available,14.99,,44,1,16,name.com,,
1b338a8a-dd29-4d84-b24f-145e77e6b82a,devotes.kim,available,14.99,,56,2,7,name.com,,
1bbf4558-1da9-400e-9445-6d14b9d5ee7d,boilingpoint.kim,available,14.99,,60,3,13,name.com,,
1bde5089-2a26-4723-8c96-811cd878074d,fundamentalism.kim,available,14.99,,58,2,14,name.com,,
1bf55633-c9b2-466b-b898-f80c4bc0e566,whips.kim,available,14.99,,52,7,5,name.com,,
1bf5cf78-41d7-4bac-8b8d-5d182c84a3a2,tunnelvision.kim,available,14.99,,60,9,13,name.com,,
1c14a0e2-a96b-4240-8425-e026765b9f45,menus.kim,available,14.99,,54,14,5,name.com,,
1c3b5615-f32a-411a-9da5-7cca836b735f,amplifying.kim,available,14.99,,56,3,10,name.com,,
1c471126-4de4-4dc6-b290-5bf074fc8caf,Mexicans.kim,available,14.99,,54,5,8,name.com,,
1c480a94-1b9e-4fa3-b0d2-45641c2cd093,thinks.kim,available,14.99,,64,10,6,name.com,,
1c902408-e433-409c-a23d-bb183d841f8f,meals.kim,available,14.99,,68,15,5,name.com,,
1c9b5515-8239-4568-9ce5-069b6eeef5e3,slipped.kim,available,14.99,,70,3,7,name.com,,
1cae1e9e-4d9a-4b1c-80af-44ab1dec46d1,makethenews.kim,available,14.99,,72,2,13,name.com,,
1cc48c60-33e3-4371-9573-69b4e80227ce,rakeout.kim,available,14.99,,66,1,8,name.com,,
1cd1c8f6-037c-4df8-84dc-2804d2fb7657,reservation.kim,available,14.99,,65,19,11,name.com,,
1cd52557-1880-4888-9ba8-b5b3b2f2b1f1,lightupon.kim,available,14.99,,72,2,10,name.com,,
1cd994fd-5b65-43fc-9272-f4052ec45a40,Frenchtoast.kim,available,32.98,,80,7,12,namecheap,,
1cdd6fc1-f1cf-4c95-a166-6d25ea1f390c,Imissyou.kim,available,32.98,,58,7,10,namecheap,,
1cff5640-7338-414f-8479-204b6293b81d,travels.kim,available,14.99,,64,18,7,name.com,,
1d0fe02c-182d-4686-ad7e-f1dce97c2d6b,fillintheblanks.kim,available,14.99,,64,2,18,name.com,,
1d14a618-5444-43db-91ef-187c8da7128e,highspirits.kim,available,14.99,,76,8,12,name.com,,
1d1d8cce-fb20-4710-9077-f1d389186b63,potatosalad.kim,available,14.99,,70,2,12,name.com,,
1d1ebef2-cf24-418f-8f6c-eb39ccb21210,Ihaveaheadache.kim,available,32.98,,50,1,17,namecheap,,
1d20c5e0-45d7-4711-a5c6-beafac88a70c,characterised.kim,available,14.99,,48,1,13,name.com,,
1d371ceb-2e05-4877-8c66-bfcc84e3dcb2,keepsomebodyposted.kim,available,14.99,,46,0,20,name.com,,
1d3b061c-f484-4357-bc36-e8b3be4b4972,IliveinMelbourne.kim,available,32.98,,50,0,19,namecheap,,
1d4bf5aa-a792-4c62-8999-2611c79b90f3,surroundings.kim,available,14.99,,75,4,12,name.com,,
1d8e5648-8558-400c-bb06-33ccc871fab9,breakfastcereal.kim,available,14.99,,72,2,16,name.com,,
1e0937a8-fe06-46ba-bdbc-31055790905d,mutualaid.kim,available,14.99,,78,9,10,name.com,,
1e482436-a112-41f9-a261-9a219eb37307,plumbers.kim,premium,242,242,50,14,8,namesilo,,
1e4c9481-4a07-4817-b976-d483fc4d79cd,sqmi.kim,available,14.99,,54,2,5,name.com,,
1e5e833a-a843-4a4d-a8b5-f115e8d58517,haveon.kim,available,14.99,,76,2,7,name.com,,
1e6299c4-c258-462c-94cd-62a7ce4054ce,aloevera.kim,available,14.99,,80,10,9,name.com,,
1e690ae3-88f6-4315-9b0c-215e352177d5,proxybullying.kim,available,14.99,,28,1,14,name.com,,
1e95f493-3cb8-4880-8ec8-56890a3683fa,motorsport.kim,available,14.99,,74,23,10,name.com,,
1e963090-ab7a-437c-81af-ac04303c9339,makeupkiss.kim,available,14.99,,67,1,12,name.com,,
1ed43db8-0054-45dc-8a85-86e0b8e2ab51,brosbeforehos.kim,available,14.99,,38,1,15,name.com,,
1eda78aa-29ca-436c-87cc-250a2f1d71cc,CountyofHawaii.kim,available,32.98,,50,1,16,namecheap,,
1ee22f0c-b43f-428d-9cf0-539715a16792,nuclei.kim,available,14.99,,44,7,6,name.com,,
1ee53ace-a263-4aa0-81b3-abfa6d269fb7,keepfrom.kim,available,14.99,,52,1,9,name.com,,
1f03e05a-f83b-4cd5-9a78-ee059f7c56c8,pours.kim,available,14.99,,46,5,5,name.com,,
1f2f63bc-4acb-4ea5-9b8e-d4a5545a0c5b,rubbed.kim,available,14.99,,62,2,6,name.com,,
1f3ee337-2af8-4025-97c1-917e91aefde2,affirmations.kim,available,14.99,,64,9,12,name.com,,
1f5022e0-3be5-43a1-a3d9-b7f0abfec105,somuchso.kim,available,14.99,,50,1,10,name.com,,
1f657edf-18d2-4374-8e36-bc74fdda4dd0,getlaid.kim,available,14.99,,76,6,8,name.com,,
1f73eb98-be29-4ffe-ab6d-5b37a9671738,SanDiego.kim,available,14.99,,74,29,9,name.com,,
1f83c962-e9c8-4768-a4fa-ef2c308b657e,transported.kim,available,14.99,,61,4,11,name.com,,
1f8b0541-b981-4167-9df0-b97066a0c2c7,RomanEmpire.kim,available,32.98,,86,4,12,namecheap,,
1fa44a20-0302-4eaa-9062-9496b734a9fa,coffeeculture.kim,available,14.99,,72,4,14,name.com,,
1fa9a927-775b-4566-827f-df2e0081dbee,snowballs.kim,available,14.99,,59,7,9,name.com,,
1fabd0ff-0596-4db7-b069-28c8461f0feb,goit.kim,available,14.99,,76,7,5,name.com,,
1fdd4a89-2336-4d19-b35e-2b8d37608fd7,selections.kim,available,14.99,,53,6,10,name.com,,
203338c6-fde3-4a6f-a017-e4969c71c8b2,yards.kim,available,14.99,,66,9,5,name.com,,
20683d44-0d9f-464d-9aa5-eb59de8b8264,breastfeed.kim,available,14.99,,76,3,11,name.com,,
20a5bd7b-623c-4555-944c-98a0605a48ef,possibilities.kim,available,14.99,,52,7,13,name.com,,
20bed904-96c8-4e3c-b308-5464e461292e,inthelongrun.kim,available,14.99,,60,2,15,name.com,,
20c3664c-061a-4647-9ca2-d325776028ca,manybodied.kim,available,14.99,,68,1,11,name.com,,
20c526dd-6ca3-4e5d-ac1d-6934cbb1799c,goballistic.kim,available,14.99,,68,2,12,name.com,,
20cf7259-49fd-4be4-b0cd-e4efc81411aa,allsorts.kim,available,14.99,,52,5,9,name.com,,
20dda46a-12d2-4d6c-9049-41c6454893c8,stepbystep.kim,available,14.99,,62,14,12,name.com,,
20e50dcc-8b79-4b57-a283-32a6a6f7a1fa,ounces.kim,available,14.99,,47,4,6,name.com,,
2110b142-0ee1-4f04-95f0-3a9f54519c85,arrays.kim,available,14.99,,50,5,6,name.com,,
21131057-1ce1-4f58-ac5a-b861072bfad5,reflects.kim,available,14.99,,50,6,8,name.com,,
2145cd1e-c522-433a-8078-d0fbafc4d103,justices.kim,available,14.99,,52,6,8,name.com,,
21620e6b-f7fe-4395-80f2-55c59f3e0bb6,chalkboards.kim,available,14.99,,52,2,11,name.com,,
2175e477-f99c-4d6d-abaf-d40cbe11c5b9,songbirds.kim,available,14.99,,64,6,9,name.com,,
218a07c9-fac6-4a58-8d24-95a6f50ab34f,overwith.kim,available,14.99,,60,1,9,name.com,,
218d8094-3a03-4d4e-9b5b-05ec49294463,Lordhavemercy.kim,available,32.98,,54,2,15,namecheap,,
21ad582f-d923-4cdd-872a-5bfa1ce0d48f,CyberMonday.kim,available,32.98,,78,10,12,namecheap,,
21afafa0-f407-4f86-b504-6b03cb494d17,compilers.kim,available,14.99,,56,4,9,name.com,,
21efa947-2a90-4176-8c99-25b305ec8338,estimators.kim,available,14.99,,50,3,10,name.com,,
2222b446-949a-4504-9384-f41963b47169,pumpup.kim,available,14.99,,76,5,7,name.com,,
2224568d-8df3-4a16-a67f-bd61d64cacdd,exchanges.kim,available,14.99,,50,11,9,name.com,,
223a2ab8-c861-4dd2-9286-26cadac526ed,leavewellalone.kim,available,14.99,,68,1,16,name.com,,
2258ec99-143d-4528-b088-1109d8b8f706,clearout.kim,available,14.99,,70,5,9,name.com,,
22aa96c9-0675-4e23-90ac-3d5a48e26fc8,closets.kim,available,14.99,,56,10,7,name.com,,
22b614f6-31dd-40d6-bbda-3974aae46882,getupandgo.kim,available,14.99,,70,3,13,name.com,,
22c00ebb-1c87-48ac-8259-34acf8193fc5,twentyseven.kim,available,14.99,,65,7,12,name.com,,
22f6dc16-f581-4897-8a2d-93dba38ea645,gorogue.kim,available,14.99,,64,4,8,name.com,,
230deb82-8fcd-4564-a8b9-9c4701ebb195,paths.kim,available,14.99,,53,13,5,name.com,,
2330fa99-aa5a-4d70-989a-115b51fc3504,precautions.kim,available,14.99,,48,2,11,name.com,,
2336f1c8-4f83-46d6-91c0-85ea4e501e9c,turnedup.kim,available,14.99,,56,2,9,name.com,,
2353e8a6-0c43-4ebd-927f-60756e0cf21f,orderout.kim,available,14.99,,74,3,9,name.com,,
238da08b-bb78-46c5-adcb-a36d3a9afd2f,getiton.kim,available,14.99,,84,3,9,name.com,,
238dd3d6-90fa-43dc-86f9-6f84ea4ad4ff,besupposedto.kim,available,14.99,,60,1,14,name.com,,
23b64e25-e179-483d-b0a5-84413252b8a1,descriptions.kim,available,14.99,,60,3,12,name.com,,
23eb5670-a518-4189-8bc1-ca50ac937dbb,resteasy.kim,available,14.99,,79,4,9,name.com,,
23f92594-4287-4228-8157-57ae09969de4,ontop.kim,available,14.99,,66,14,6,name.com,,
24040be6-b028-4982-8b29-553bf7b028a4,LoneRanger.kim,available,32.98,,70,4,11,namecheap,,
241db2b1-a61a-4bcd-b7cd-50076c56dd84,goaroundthehouses.kim,available,14.99,,60,0,20,name.com,,
242af552-e7e4-4420-afd3-1e554eedf785,Idodeclare.kim,available,32.98,,58,2,12,namecheap,,
2430a684-ad3e-4a41-89f7-a673543d4275,silhouettes.kim,available,14.99,,52,5,11,name.com,,
24443f4a-7ea1-4a9f-92fa-00496e489fc9,passports.kim,available,14.99,,59,10,9,name.com,,
244f3c23-e137-4b4a-a634-a809c8be3f37,couldhavesworn.kim,available,14.99,,44,0,16,name.com,,
246156a9-99c7-483e-8660-02e533b8fd93,twits.kim,available,14.99,,46,3,5,name.com,,
2468be11-d911-4cc7-835d-34d2af74ad26,brings.kim,available,14.99,,52,8,6,name.com,,
246e2eea-e94e-44a1-8643-a72cf6407bf5,youwish.kim,available,14.99,,60,5,8,name.com,,
24750a5c-c5e9-4e6b-8e39-3a282eb67ef4,JusticeSociety.kim,available,32.98,,48,1,15,namecheap,,
247b28ba-e50a-463d-9ef4-d26c78c69ae7,gettingusedto.kim,available,14.99,,66,1,15,name.com,,
248b9f19-d747-4a99-b170-5a7b2bb006ad,traders.kim,premium,625,,60,26,7,name.com,,
2490ec0f-a8cb-44e0-a6d1-c975ba442612,wives.kim,available,14.99,,62,6,5,name.com,,
24924f6f-9ae8-4e81-a230-e4dfbcf9cc4c,whitewine.kim,available,14.99,,76,6,10,name.com,,
24ae7b8d-ff9b-4210-be64-58de430a4525,largeandincharge.kim,available,14.99,,62,1,19,name.com,,
24b1e600-485c-4e9d-8234-c765e2c6bf58,happens.kim,available,14.99,,52,8,7,name.com,,
24e0662a-31d9-4fd5-9c32-1c24d655e8e0,pins.kim,available,14.99,,68,15,4,name.com,,
24e0a0b1-dc65-4fe0-a866-a2dcb5e54b4e,researchers.kim,available,14.99,,50,8,11,name.com,,
24e8bf57-e497-461b-a052-bbb3c10d7d3e,puzzles.kim,available,14.99,,52,16,7,name.com,,
250139e1-78a2-4ddb-a0b8-6269782e46b1,necessities.kim,available,14.99,,58,4,11,name.com,,
2501e884-14f1-4417-85c4-095890a55071,specialed.kim,available,14.99,,76,6,10,name.com,,
2508c1e8-20e9-424c-a4d2-cf61e32a0614,packingtape.kim,available,14.99,,70,2,12,name.com,,
250f8b7c-573a-4fc0-9662-789d85c28f5d,gonuclear.kim,available,14.99,,68,3,10,name.com,,
25277014-c4d4-4848-aeda-c5f5d53ccc19,edamame.kim,available,14.99,,80,9,7,name.com,,
2552b574-ff4f-41ac-8aa0-8349b78d5841,cupboards.kim,available,14.99,,48,3,9,name.com,,
2587a4a6-7579-4e76-81bf-f2b7925f98f1,gettheboot.kim,available,14.99,,70,1,12,name.com,,
2598845a-f9e0-4d03-972d-2ccec8a3cd48,victories.kim,available,14.99,,58,5,9,name.com,,
259e8f1f-f28a-4b57-acd5-f313bfc2bd96,precursors.kim,available,14.99,,50,2,10,name.com,,
25b46b43-7b54-4691-b234-8cef4b61a5bf,extras.kim,available,14.99,,56,11,6,name.com,,
25bd7dbf-06f7-4fc5-bdb0-b3b4a571781c,ballparkestimation.kim,available,14.99,,60,0,20,name.com,,
25be8be8-a9e7-43b1-802c-24d2c0940af1,Ilostmybag.kim,available,32.98,,50,1,13,namecheap,,
25e28c8c-0891-4f7d-a42b-8dc345ea8d73,basedon.kim,available,14.99,,50,4,8,name.com,,
25f9ed12-3e9c-467b-b3bb-e63ba736cc3c,gobythewayside.kim,available,14.99,,62,1,17,name.com,,
260c0ebe-2a2f-4c71-8d83-63d9c142ae9a,donkeys.kim,available,14.99,,46,5,7,name.com,,
26344daf-0dc8-46a0-bc61-83fdf80a396a,SuezCanal.kim,available,32.98,,58,3,10,namecheap,,
2636e723-c907-4f35-adb9-7020747648cd,swords.kim,available,14.99,,52,10,6,name.com,,
263b4b66-50fc-4485-a205-959c7bfd08a4,informs.kim,available,14.99,,62,6,7,name.com,,
26778df8-b5fb-4187-a417-7ec14fb0bc14,inducts.kim,available,14.99,,50,1,7,name.com,,
268419d7-48dc-4a88-9706-52dc05482add,blueberries.kim,available,14.99,,70,9,11,name.com,,
2690eef7-21e5-44ac-9a9f-a3f5d333b8c7,inthepipeline.kim,available,14.99,,42,2,15,name.com,,
269320bc-ed9d-4137-8202-77940c00366a,calls.kim,available,14.99,,50,16,5,name.com,,
26a9ffb6-3593-4d8e-92cf-1e2546e76deb,decidedness.kim,available,14.99,,74,1,11,name.com,,
26b61b1a-b8ce-40df-9ead-aa843b0208e6,gods.kim,available,14.99,,72,27,4,name.com,,
26bbafde-437e-4095-bb53-188bbfa3e6c6,locks.kim,available,14.99,,66,14,5,name.com,,
26f1bfe3-305d-48fb-a8db-ed1ff16a9b5d,AlcoholicsAnonymous.kim,available,32.98,,52,4,20,namecheap,,
26f5b717-b65a-4c82-b6a7-5dd1d1f3d47a,steroids.kim,available,14.99,,50,10,8,name.com,,
275d1df9-e9c4-4293-897f-2831b35a4e9f,goawry.kim,available,14.99,,66,0,7,name.com,,
278db4f3-6d77-496e-8ac0-364dbd824ef2,prowlers.kim,available,14.99,,40,2,8,name.com,,
27a16494-a912-491e-b6c4-0d091355db35,bonvoyage.kim,available,14.99,,88,16,10,name.com,,
27bd7f93-004b-4eaf-b0b9-adc014ec00dd,affirmatives.kim,available,14.99,,64,1,12,name.com,,
27c3da5a-327f-4c3a-8040-41ac2aab70a5,paradoxes.kim,available,14.99,,70,3,9,name.com,,
27db4a5f-4331-47e5-bfa2-ea83d5b63195,commonpurposes.kim,available,14.99,,48,2,15,name.com,,
28073b35-3965-4ebd-97d8-1fc982ec2325,exchanging.kim,available,14.99,,50,5,10,name.com,,
28088726-bead-4ef1-acc7-2c0d6c4a3be7,officecleaner.kim,available,14.99,,41,1,14,name.com,,
2836d946-83f8-46ad-b20c-0aa9c4af9cea,cases.kim,available,14.99,,50,12,5,name.com,,
2842165d-0297-4663-97f2-d17c072404bd,noparking.kim,available,14.99,,44,5,10,name.com,,
28546383-222a-43c1-af41-4270f36390c9,pairofhands.kim,available,14.99,,64,1,13,name.com,,
28757c10-6f0c-48f9-9e63-4d8367e1c64f,keepbooks.kim,available,14.99,,52,2,10,name.com,,
288d90ba-cfb1-4e72-9179-ec9cd201c8ab,hangup.kim,available,14.99,,68,5,7,name.com,,
28914b5b-e81e-4f95-ba09-4712e8968232,bedamned.kim,available,14.99,,38,1,9,name.com,,
28a952a0-110b-43cd-954a-71f24492cae1,letoffsteam.kim,available,14.99,,76,1,13,name.com,,
28acf206-96ee-44c4-b03c-39188a1cbfc3,scooped.kim,available,14.99,,48,5,7,name.com,,
28b2e1d4-98e5-4228-9f5b-5c3c8e844ff5,packets.kim,available,14.99,,60,8,7,name.com,,
28be9892-0c5e-4cb5-9d1b-5c75fd01ca21,flightattendants.kim,available,14.99,,40,2,17,name.com,,
28cf5c7d-860e-4520-8784-5683634533a8,wannabet.kim,available,14.99,,62,6,9,name.com,,
28dbf252-793c-4e97-9b76-63a14f60bbf8,footballpools.kim,available,14.99,,46,2,14,name.com,,
28e423ac-b407-447c-a9a3-276ddb6cd101,razorburn.kim,available,14.99,,60,1,10,name.com,,
28f4048d-278f-46b7-b517-a81130e96f93,arriveat.kim,available,14.99,,70,1,9,name.com,,
291101c9-171b-4431-855f-50759c725442,RiceBubbles.kim,available,32.98,,60,1,12,namecheap,,
291955ce-86b9-4e1f-8bc3-709e5e9a0189,wellbuilt.kim,available,14.99,,78,7,10,name.com,,
29244df0-7ee0-4eb0-91ef-3250b8a82965,specializing.kim,available,14.99,,52,2,12,name.com,,
293634f0-f9a4-41de-bf1e-f709fe93b919,comeinuseful.kim,available,14.99,,68,0,14,name.com,,
29493016-c287-44d0-a444-4999758d882d,gonumbertwo.kim,available,14.99,,40,1,13,name.com,,
2950277c-eefd-4ca8-9dc4-dcd0c6cc579e,ventured.kim,available,14.99,,60,6,8,name.com,,
295e9ffa-e097-4b4f-8054-e8c4e031d1b2,tycoons.kim,premium,242,242,55,6,7,namesilo,,
2988a08c-b67b-4503-bbdd-d9b30c1f7a06,ambivalence.kim,available,14.99,,76,4,11,name.com,,
29960608-546a-42ae-8c33-ca5a065fb8dd,paintthinner.kim,available,14.99,,56,1,13,name.com,,
299a523f-bd2f-4f99-bb67-e6e40224db13,getmarried.kim,available,14.99,,88,5,11,name.com,,
29aac499-10e7-4f37-a829-9038f5b5f2ff,appraised.kim,available,14.99,,50,4,9,name.com,,
29ac3d73-bc64-49d4-b715-813cfd578e44,takeeffect.kim,available,14.99,,70,0,11,name.com,,
29acd6de-79d0-4d3c-8bff-35ade53b834c,motorinsurance.kim,available,14.99,,60,4,15,name.com,,
29ba9828-8b49-4bb0-a063-fae2c5d93ff6,washes.kim,available,14.99,,54,3,6,name.com,,
29c2a83d-4380-4f02-9751-12f9ff86c7a6,couples.kim,available,14.99,,52,14,7,name.com,,
29c83edf-e607-406d-ad0c-fee1b19e197e,geartowards.kim,available,14.99,,70,0,12,name.com,,
29dfac1e-3c89-4edd-bf78-12c3c1d14a8e,highsociety.kim,available,14.99,,73,8,12,name.com,,
2a0c760d-959a-404e-9494-960772651e32,wheels.kim,available,14.99,,76,20,6,name.com,,
2a0f76ef-aa61-417a-9b66-0910db9a829e,masterfile.kim,available,14.99,,50,3,11,name.com,,
2a251055-dd52-4823-93f3-f3b6ad506a37,likemad.kim,available,14.99,,70,0,8,name.com,,
2a27688e-cab1-4488-b8bf-2b583a3b6215,spellitout.kim,available,14.99,,74,2,12,name.com,,
2a2aea8a-be38-45c3-92d4-c20215c56347,inblossom.kim,available,14.99,,56,1,10,name.com,,
2a40af2e-a6fc-4bb9-9735-3dcc4ce9821a,pizzaplace.kim,available,14.99,,56,3,11,name.com,,
2a42d00e-c0e8-4e6e-b7da-f9f1c4d7ace3,alotof.kim,available,14.99,,60,5,8,name.com,,
2a4c9af1-4f01-4b3f-b037-be4fd2a31fd0,timetables.kim,available,14.99,,50,4,10,name.com,,
2a5eb19e-a31a-4013-9259-adfe0863dd63,sported.kim,available,14.99,,59,2,7,name.com,,
2a60b06c-e52d-473f-add6-6832556369eb,tobetruthful.kim,available,14.99,,46,1,14,name.com,,
2a6bfe0c-e47d-44ba-9193-febf091b0417,Cheddarcheese.kim,available,32.98,,66,2,14,namecheap,,
2a6f0fed-13f7-4b11-8a62-b95edbf354a1,verbalization.kim,available,14.99,,58,1,13,name.com,,
2a7b2942-407e-45c3-ad80-b34aa1a26caa,writes.kim,available,14.99,,56,9,6,name.com,,
2aa4fb80-32fd-4b0f-a7fe-916a28f8930c,cashiers.kim,available,14.99,,50,7,8,name.com,,
2ad45aac-e310-4fc7-b391-7af73757e1c6,focuses.kim,available,14.99,,56,4,7,name.com,,
2b0cc14a-566f-4397-8566-95c392a4dc75,plugs.kim,available,14.99,,49,8,5,name.com,,
2b18bce9-7d31-4aad-88fb-66187bb5b9d0,gowholehog.kim,available,14.99,,70,1,12,name.com,,
2b56fdec-f9ba-42fd-a7b5-f3edaf65d7a6,coffeedout.kim,available,14.99,,76,1,11,name.com,,
2ba3e923-2b10-4a8b-a77c-d8112ea84542,deadonarrival.kim,available,14.99,,46,2,15,name.com,,
2bb73ad4-7b26-4186-916f-5ad05891e748,warned.kim,available,14.99,,54,4,6,name.com,,
2bc4a940-57a3-4868-8176-aa538a2f10f4,calculators.kim,available,14.99,,54,16,11,name.com,,
2bc8092e-d1f5-4f25-a824-2ae485f19867,commented.kim,available,14.99,,48,2,9,name.com,,
2bced6ff-3ffd-43a8-94c5-2ded0d69eaa3,cuts.kim,available,14.99,,72,10,4,name.com,,
2bdda47b-1647-4f37-bc65-895745147c81,slipin.kim,available,14.99,,65,2,7,name.com,,
2bf48ed1-202b-4aa5-b68b-25fb9e9d0d7a,proves.kim,available,14.99,,56,3,6,name.com,,
2c4c44e7-57f6-4586-81bc-79c18a6d32a3,pulls.kim,available,14.99,,52,6,5,name.com,,
2c4d6c7d-1a57-4901-9b79-687c83df87dc,CountyofSpencer.kim,available,14.99,,42,1,17,name.com,,
2c55bfbb-cb70-4a9b-b681-35c90edc8ad2,safest.kim,available,14.99,,64,9,6,name.com,,
2c93304f-8bec-41d7-a57d-bcffba304ed3,totals.kim,available,14.99,,56,6,6,name.com,,
2ca435a1-2566-4cfb-a39c-8ca8ce1b84d4,headout.kim,available,14.99,,82,6,8,name.com,,
2ccf45ae-4cec-4c74-8c2c-0f1888cb7f6d,getoffeasy.kim,available,14.99,,58,1,12,name.com,,
2ce4babe-4a8a-4ffe-b279-2f29e9a088aa,inconclusion.kim,available,14.99,,60,2,13,name.com,,
2cea16e2-6579-469a-ae4c-281a2241204d,generalformulas.kim,available,14.99,,48,0,16,name.com,,
2ceefc0c-946b-41ed-bb4b-f5bb54fad134,senses.kim,available,14.99,,63,13,6,name.com,,
2d0492ab-3aa1-4438-872d-d166fa5454cd,minimumwages.kim,available,14.99,,52,1,13,name.com,,
2d4ac946-002c-4215-9ec1-5d929879caf1,dataentry.kim,available,14.99,,72,6,10,name.com,,
2d4d55e9-f99e-4469-bc28-220b5e3e0cfe,ladiesandgentlemen.kim,available,14.99,,70,3,20,name.com,,
2d6d18f8-8bc5-4128-90a5-cbdd4b42940f,alcoholproblem.kim,available,14.99,,30,1,15,name.com,,
2d8b5ebc-9e98-41b8-b321-149e0605e949,intheory.kim,available,14.99,,52,5,9,name.com,,
2d968c0d-6afb-408c-9b98-17568831ca9e,sidewindow.kim,available,14.99,,44,1,11,name.com,,
2dad20b1-f1e5-4df2-bbd5-3bd8c4755290,personallife.kim,available,14.99,,68,3,13,name.com,,
2dadc23d-d083-4a3c-bf32-4279d1c4262a,Ihavecancer.kim,available,32.98,,44,2,13,namecheap,,
2db638ef-4a86-45b0-ab24-845a85c2bc76,stepoff.kim,available,14.99,,68,2,8,name.com,,
2dbc029a-151f-4419-adab-84deee9e1b89,shovels.kim,available,14.99,,47,5,7,name.com,,
2e03c208-a4c7-410d-b51b-2e9e72b6b8f0,makeof.kim,available,14.99,,76,1,7,name.com,,
2e12bdc6-d620-47d5-b853-3275b3848bb0,tapon.kim,available,14.99,,48,5,6,name.com,,
2e249770-c1c1-4adc-aca5-dc348ff643cb,daughters.kim,available,14.99,,60,8,9,name.com,,
2e3885ba-c743-4400-b8ef-e7373df59ff1,gettosecondbase.kim,available,14.99,,47,1,18,name.com,,
2e40b704-6bd9-4e91-8f9c-dfc932f46f23,insofaras.kim,available,14.99,,56,0,12,name.com,,
2e4ad70b-f61a-4e13-a325-79fed9d62931,trailers.kim,available,14.99,,54,15,8,name.com,,
2e7aa4bb-ffc4-40b7-bf96-346df3a94b53,stints.kim,available,14.99,,52,3,6,name.com,,
2e869111-10a8-416a-8775-1bd8bc5df764,behindbars.kim,available,14.99,,60,6,11,name.com,,
2ec0c0f1-9157-42ae-9f47-0b1d721d86e0,primadonna.kim,available,14.99,,68,9,11,name.com,,
2ecdbe5e-db2d-4d19-b452-d2f9dc4ef132,wars.kim,available,14.99,,48,10,4,name.com,,
2f2e49fc-f53f-4c24-9c95-cd0b50f2711f,roses.kim,available,14.99,,68,16,5,name.com,,
2f5512c2-54f9-4f8f-93b1-a773f8951d25,variations.kim,available,14.99,,46,5,10,name.com,,
2f97a65b-5b81-43e5-ba92-de76222c8532,rehabs.kim,available,14.99,,51,8,6,name.com,,
2fae5f1e-deac-461b-8936-72952fa27848,generalsofthearmy.kim,available,14.99,,48,1,20,name.com,,
2fb712b9-2d2f-42b9-aa35-a276cf22fc51,views.kim,available,14.99,,62,18,5,name.com,,
301502b9-0417-4afe-b895-7ab1fc4e3c7c,runon.kim,available,14.99,,67,4,6,name.com,,
3018881c-aa14-46fb-a857-ca3efa06a2a2,makethefinalcut.kim,available,14.99,,50,1,18,name.com,,
3032e7f2-2ad1-461a-b89e-89d28b290c5f,worded.kim,available,14.99,,53,4,6,name.com,,
30549bb9-09fd-463c-a1c2-4dd5ad1cc535,dogsit.kim,available,14.99,,96,2,6,name.com,,
306c1ff8-05b2-4f73-89a9-aad639511f4d,rests.kim,available,14.99,,52,5,5,name.com,,
309e44ca-3c7d-4122-a905-d56283fcc803,cousins.kim,available,14.99,,68,11,7,name.com,,
309ec42a-e4c8-4788-92fa-48b3efc11cd6,thesame.kim,available,14.99,,54,5,8,name.com,,
30a4c5fa-cf52-4c40-bd16-abe3c454f384,offices.kim,available,14.99,,60,16,7,name.com,,
30c1304b-962f-4f94-bb18-ba1448fc62d8,filesharing.kim,available,14.99,,76,7,12,name.com,,
30d8344b-bd9b-4327-a595-074b45689ec6,gotobatfor.kim,available,14.99,,42,1,13,name.com,,
30df5395-6015-40c8-a5b2-f8ea9ab382fa,instate.kim,available,14.99,,66,4,8,name.com,,
30e32b8e-8fd6-40a5-90a5-e1b60394b82f,childmarriage.kim,available,14.99,,48,2,14,name.com,,
30f18be0-e283-4ac5-9fab-502d8df7227f,contemplation.kim,available,14.99,,66,6,13,name.com,,
31029e9a-ec9b-477d-a454-287708ffcf21,gonefishing.kim,available,14.99,,72,7,12,name.com,,
310c3677-5ab6-4ccc-8850-bbe066be0721,roofs.kim,available,14.99,,50,11,5,name.com,,
311fb5e3-ead5-441e-8f91-27cdefd42250,treating.kim,available,14.99,,70,3,8,name.com,,
3129be97-7dd2-4f5c-ad99-1d6e561f433f,herbalmedicines.kim,available,14.99,,52,2,16,name.com,,
313b65ad-6d8e-4cbf-9ca5-d9a67b83d1d9,cheeseontoast.kim,available,14.99,,64,1,15,name.com,,
314d65e1-e8e3-4a81-8843-28294bf13fdf,getthroughto.kim,available,14.99,,49,1,14,name.com,,
314ec734-7ac3-43ae-895e-dbb878875763,vowels.kim,available,14.99,,52,5,6,name.com,,
31636408-9dd7-4f90-87f8-ace99029d0ab,tospare.kim,available,14.99,,54,0,8,name.com,,
31848101-ca26-4a5a-9a09-e39d9807c09b,havenosympathy.kim,available,14.99,,54,1,16,name.com,,
319ae7c6-6cba-4ea2-90b2-edbb77ba78d5,sophistication.kim,available,14.99,,70,3,14,name.com,,
31a2292c-c3c9-4730-81a4-05d285d97c97,arguments.kim,available,14.99,,54,7,9,name.com,,
31a9b2e0-fe7e-440e-b4ee-20fc23b96bdb,gobankrupt.kim,available,14.99,,68,2,11,name.com,,
31b7b0a6-d17c-439f-9ee4-6dd5639044b0,tightened.kim,available,14.99,,50,1,9,name.com,,
31bcda1e-e30b-4736-b6c7-8aa8f25aa39f,feelupto.kim,available,14.99,,50,1,10,name.com,,
31e33635-8ce4-4ad3-8213-37800cd71d78,costofgoodssold.kim,available,14.99,,62,1,18,name.com,,
31ed5fe4-493e-47b5-a862-d8535134fde7,stoppers.kim,available,14.99,,52,3,8,name.com,,
31f207da-6e3a-4640-b451-fb17631ab98d,results.kim,available,14.99,,59,22,7,name.com,,
320d23b9-5a76-47d0-be08-af656b421492,GuptaEmpire.kim,available,32.98,,64,1,12,namecheap,,
32101eb7-5d29-49cd-9af8-f583b84a06c3,highwater.kim,available,14.99,,66,7,10,name.com,,
321ea8bf-3b18-4adb-87ad-f08895720d48,generalrank.kim,available,14.99,,50,1,12,name.com,,
322489ef-ae50-436d-b1de-48e03bea850b,thereandback.kim,available,14.99,,44,4,14,name.com,,
3233a98d-0e88-48c4-b63b-3db04e548b1a,inthemoment.kim,available,14.99,,48,7,13,name.com,,
3270cfd3-b4e3-4c13-806b-218a2935a094,letitalone.kim,available,14.99,,80,1,12,name.com,,
3278c0be-a476-41e9-b0d4-6361ac818097,furthermore.kim,available,14.99,,68,7,11,name.com,,
3290ac7b-a5f0-4422-93e5-8ee883334196,droppingoff.kim,available,14.99,,52,1,12,name.com,,
329305df-566c-4795-9426-8877fca1b326,pairofstairs.kim,available,14.99,,65,1,14,name.com,,
329fc643-5994-4874-9c1f-174e5406e72e,turnsback.kim,available,14.99,,53,1,10,name.com,,
32a0587d-7bc9-4aa2-a4ef-fd35f18ffc2a,signs.kim,available,14.99,,64,22,5,name.com,,
32be8f0b-8bc2-4c8b-a8c1-59b56264fe38,sugars.kim,available,14.99,,55,8,6,name.com,,
32c1ab10-8a05-40ec-9c68-c4e7e57344e0,approaches.kim,available,14.99,,70,3,10,name.com,,
32c1eefe-9872-4741-8ac2-3224f53f802c,fitthebill.kim,available,14.99,,84,1,12,name.com,,
32ff08c6-6f96-4de2-82cf-dc535cb494f3,eachway.kim,available,14.99,,68,2,8,name.com,,
3308c223-ca73-42fe-af2d-c4de33be8cbe,titles.kim,available,14.99,,56,9,6,name.com,,
3309ec3c-5f9b-4c50-b4a3-a6628d042602,rides.kim,available,14.99,,56,15,5,name.com,,
331a0ad9-3f1a-4804-8914-ebb8eb16f2ba,secondyear.kim,available,14.99,,66,1,11,name.com,,
333ae58e-1981-4d7e-8890-18c5248a7bb7,accountsreceivable.kim,available,14.99,,62,5,19,name.com,,
335fce3d-080e-4aeb-a252-18b81a2ebbff,instride.kim,available,14.99,,72,5,9,name.com,,
3367550f-55f8-4ba0-b580-4e00af65c1c5,uptill.kim,available,14.99,,50,1,7,name.com,,
33bda5c0-7edf-4073-b0aa-d5ea13cf1d9f,surprises.kim,available,14.99,,64,4,9,name.com,,
34122a02-81d7-4364-824a-c50c141439a8,feeltheburn.kim,available,14.99,,76,2,13,name.com,,
3428d3e1-4d57-4435-a1f2-cd2d0020dd36,gopast.kim,available,14.99,,68,0,7,name.com,,
342b1a18-3e0d-471a-9e1c-26cb6dbe7ce7,clearstuff.kim,available,14.99,,70,1,11,name.com,,
343b6d2d-bdc6-4dc0-843a-6e792f9fb558,affiliates.kim,available,14.99,,60,21,10,name.com,,
343ce853-4225-4088-bfd7-ec3d31c73798,terracotta.kim,available,14.99,,72,12,11,name.com,,
346bcb72-20bb-4179-b4cc-5f1b6f192053,performed.kim,available,14.99,,58,3,9,name.com,,
348926db-04d9-4229-a2dd-3eea5a12d646,SaintNicholas.kim,available,32.98,,64,4,14,namecheap,,
34933e1e-3c42-47db-a39d-23b0d4ae8bfc,childclass.kim,available,14.99,,50,1,11,name.com,,
3496f206-6523-4ef7-9333-20dac4665acd,letsomethingride.kim,available,14.99,,67,1,18,name.com,,
34b5e0b3-df51-4a63-851b-9e32612176ea,goodcheer.kim,available,14.99,,60,2,10,name.com,,
34e090a6-be9a-4c96-ae08-7a8dbc5aefd8,segregation.kim,available,14.99,,62,2,11,name.com,,
34f98e14-cc2f-42e4-b6bd-4e53dfcdab8f,functions.kim,available,14.99,,54,12,9,name.com,,
350162a5-fd33-46cf-ab47-6f6559104050,pierogi.kim,available,14.99,,82,7,7,name.com,,
3529813d-7ea0-403e-9fb7-a715d1159d94,primarycare.kim,available,14.99,,81,11,12,name.com,,
3543ba0d-bc29-45bf-b4a4-e8c7e8f5103b,usernames.kim,available,14.99,,52,6,9,name.com,,
356fba7c-6507-4256-ae55-c29bcd8c14f1,letsomethingslip.kim,available,14.99,,67,1,18,name.com,,
35a94c1d-e5c3-46b1-9c5b-a1e557387c32,shouts.kim,available,14.99,,47,5,6,name.com,,
35ac2589-59c5-4f37-8a51-0ba54a72e1b7,hairdryers.kim,available,14.99,,60,2,10,name.com,,
35b61520-58a5-479c-b4a5-745c47f339bd,midmorning.kim,available,14.99,,80,1,11,name.com,,
35bca740-866d-4dac-88d2-e999eb46f6d4,snapped.kim,available,14.99,,52,6,7,name.com,,
35d6ee9a-a8ab-4815-8c0d-32dbb9723ffb,costeffectiveness.kim,available,14.99,,64,1,18,name.com,,
35f6bf5f-bc59-463b-9bbc-faecd9aa6fa5,makeovers.kim,available,14.99,,62,3,9,name.com,,
35fef270-054e-4937-ba96-86961cf92e72,pitchdark.kim,available,14.99,,55,2,10,name.com,,
36193704-9ee0-40f7-8867-40699ccca2b3,nailed.kim,available,14.99,,58,6,6,name.com,,
363b068d-a608-42e8-95f2-b8eaa4dfd7be,flights.kim,available,14.99,,61,22,7,name.com,,
363e7184-3138-4f0e-a2ef-4bb8541ea5f2,nutrients.kim,available,14.99,,58,9,9,name.com,,
36488fca-ef0d-4211-a7c8-b06929221721,criteria.kim,available,14.99,,88,10,8,name.com,,
365aa640-5ac1-4380-a320-578a10c13952,godown.kim,available,14.99,,74,5,7,name.com,,
3685c783-69f7-41f4-bb0d-38a128e5bdc0,setto.kim,available,14.99,,72,6,6,name.com,,
369cf509-68b5-43b9-a89d-d66ddd0d8d82,thumbs.kim,available,14.99,,56,7,6,name.com,,
36a64b4c-b4f7-414d-9a5f-4861bc75bfca,saloons.kim,available,14.99,,49,4,7,name.com,,
36b81142-9485-473d-9044-22d8962a5bf2,behaviours.kim,available,14.99,,54,3,10,name.com,,
36f43970-a1d6-44df-bac2-2c2a244bbeb7,letoneoff.kim,available,14.99,,77,1,11,name.com,,
36fd73c7-aff0-45fa-9ce6-5d0d6db2ee68,spillover.kim,available,14.99,,68,4,10,name.com,,
370f4f48-cece-4539-a50b-d3249c27ef98,Ispy.kim,available,32.98,,76,14,5,namecheap,,
37220e75-c9a7-4c17-b83e-7e26dc1eb142,reassures.kim,available,14.99,,56,1,9,name.com,,
373770dd-57eb-43db-984e-0a35a817cd0a,agents.kim,resell,,,56,50,6,"Sav.com, LLC",23/03/2025 17:18,23/03/2027 17:18
37aa3185-589c-4d3b-a0a4-2bbbe483ba70,goosebumps.kim,available,14.99,,56,12,10,name.com,,
37eeb04c-eb41-4afd-b8c6-ff6c31067db7,farmers.kim,premium,1400,1400,54,59,7,namecheap,,
37fc13f2-de35-4230-aefa-7e84116e96e5,vocalists.kim,available,14.99,,57,2,9,name.com,,
38601e17-2a0e-4cc5-9ba2-ab53cb4ce849,hangon.kim,available,14.99,,82,6,7,name.com,,
38669db2-03e6-44e5-bc92-e9b391b8e15c,werewolves.kim,available,14.99,,44,7,10,name.com,,
386fcd69-f129-40b6-9aab-015ee3477ed6,hobbies.kim,available,14.99,,60,11,7,name.com,,
3887d42a-cb52-4c41-995a-9ad05f6a5d28,taxfree.kim,available,14.99,,68,11,8,name.com,,
389a0de9-72f7-44e9-b871-4cbd95dd966e,mothers.kim,available,14.99,,68,12,7,name.com,,
38ad0d4f-7a73-4ee2-b846-c208f5ba98a9,tabs.kim,available,14.99,,46,19,4,name.com,,
38d24233-b274-45e4-9e0a-c29904b46fe3,getpast.kim,available,14.99,,76,1,8,name.com,,
38e20ac5-0156-48b3-89f9-3ee4bf84ec1e,videos.kim,available,14.99,,52,30,6,name.com,,
38ef19e8-dccf-45e7-ab50-e51a45eae93d,Germanfries.kim,available,14.99,,82,1,12,name.com,,
3902aa63-6994-47f8-8296-6e391cc6bdc5,patientcare.kim,available,14.99,,79,8,11,name.com,,
39149b50-9d6a-46e4-8eb7-c6eebf021e02,requesting.kim,available,14.99,,49,5,10,name.com,,
391c690e-f258-46bd-983f-52ef43aa04d1,CountyofKings.kim,available,32.98,,54,2,15,namecheap,,
392f9ccf-f010-4ccb-9d6d-3de0df2df5de,keeptrackof.kim,available,14.99,,48,1,13,name.com,,
393b0de5-3d4e-47e5-9f67-15796f45f9ff,getthedrift.kim,available,14.99,,66,1,13,name.com,,
396040d4-0850-43ef-8b64-5ff83c9f118f,finalstraw.kim,available,14.99,,66,2,11,name.com,,
39696f99-f7ac-4d68-ae93-3442fb77c790,comethrough.kim,available,14.99,,78,1,12,name.com,,
398a87cc-bf62-4cf5-959a-c2728151f18f,sorethroat.kim,available,14.99,,64,2,11,name.com,,
398edf9c-7b3c-4aee-8514-5eb4ad04ac21,strepthroat.kim,available,14.99,,68,2,12,name.com,,
399279e0-495a-4396-8fa1-883e33cb2d28,aldehydes.kim,available,14.99,,36,1,9,name.com,,
39ab0d2d-a182-4641-a8a3-49f2e47ca65c,clipit.kim,available,14.99,,76,12,7,name.com,,
39b349f2-8ba0-49d8-bd26-e72a72a22faa,revolutions.kim,available,14.99,,52,9,11,name.com,,
39becacb-77c8-4948-8207-b0d46be0a060,keepnote.kim,available,14.99,,48,2,9,name.com,,
39e69e7c-640c-4e0b-94a2-8701521284c6,makeupsex.kim,available,14.99,,56,2,11,name.com,,
39e71e98-08d4-45bc-bc8a-69b298b37cbd,playin.kim,available,14.99,,80,10,7,name.com,,
39fbc227-a9c5-45f2-9cb5-e94e62303e5b,Ihaveaquestion.kim,available,32.98,,50,2,17,namecheap,,
39fc2332-bd9a-4c5a-848e-4699aab7911f,gowild.kim,available,14.99,,74,10,7,name.com,,
3a20f548-f37f-4b96-a8fa-ed3a44260925,getoutthevote.kim,available,14.99,,70,2,16,name.com,,
3a217169-92de-4213-8024-03aff8d9bcd2,adjectives.kim,available,14.99,,50,3,10,name.com,,
3a300928-7804-4ecb-848a-ff9e8706aa93,childsafetyseats.kim,available,14.99,,42,1,18,name.com,,
3a4201ec-feb2-4c6c-826b-28427967c6fd,excitingness.kim,available,14.99,,68,1,12,name.com,,
3a42957d-96e1-45e2-8f57-2f95d37337a4,strangers.kim,available,14.99,,46,9,9,name.com,,
3a44daa5-8add-4445-881a-407919343cdf,bearings.kim,available,14.99,,50,11,8,name.com,,
3a501bc9-4143-46db-8f3a-f7b848ee12f2,Iship.kim,available,32.98,,76,6,6,namecheap,,
3a614956-a1b0-4cdb-b458-45885b854fef,chapstick.kim,available,14.99,,78,5,9,name.com,,
3ae14f66-cc55-4df3-aa53-b9d06953740f,SikhEmpire.kim,available,32.98,,64,1,11,namecheap,,
3b10ec35-cae4-4e5c-b9f6-dd329aaa3c6b,goneover.kim,available,14.99,,50,1,9,name.com,,
3b22b375-29ba-4444-b322-7c88fffdee4b,proxyvoting.kim,available,14.99,,62,2,12,name.com,,
3b2edd4c-d2dd-4443-a72a-601567cee067,sailed.kim,available,14.99,,76,4,6,name.com,,
3b505876-43e0-4fcb-b2ed-dc903e9fca2b,behindschedule.kim,available,14.99,,38,1,15,name.com,,
3b5118c0-5d3f-472b-a186-4a4c4127bca4,posterpaint.kim,available,14.99,,74,2,12,name.com,,
3b5b0ecc-a911-4078-9f6d-acf3f5b5caa7,officials.kim,available,14.99,,49,8,9,name.com,,
3b685303-1e3c-4397-8ff3-269a9c62ff85,ushers.kim,available,14.99,,52,4,6,name.com,,
3b72f1ca-bf1d-42c7-b6d0-a27afbb3db3e,hittingthepavement.kim,available,14.99,,46,1,20,name.com,,
3b751d6e-2734-4dbc-b601-47528b2dae62,inprivate.kim,available,14.99,,70,3,10,name.com,,
3b96006d-9f20-4965-82dc-92a459f62de4,gowithGod.kim,available,32.98,,68,2,11,namecheap,,
3bb29601-0a35-4019-acf2-ccdbc63e7f1e,havenousefor.kim,available,14.99,,56,0,15,name.com,,
3bd7b6be-4637-4d6f-aae4-5f818ef34e58,havethefoggiest.kim,available,14.99,,54,1,17,name.com,,
3bfc5c4e-ef42-403c-a93b-88b88234a9ae,teaspoonful.kim,available,14.99,,66,1,11,name.com,,
3c2039f2-ca48-4cdf-8779-0cfa39e6b0c3,inshortorder.kim,available,14.99,,52,0,14,name.com,,
3c24f48f-d10f-4b50-b839-d686a54464dc,getittogether.kim,available,14.99,,75,3,15,name.com,,
3c3ca9dc-6e95-4483-88d4-7a5c7330dd21,officeroutine.kim,available,14.99,,43,0,14,name.com,,
3c4b474d-612c-4e5d-9d78-b597890fa450,gettingsome.kim,available,14.99,,54,1,12,name.com,,
3c5489e1-f6c6-4151-9b45-75e3e3790d25,movein.kim,available,14.99,,70,9,7,name.com,,
3c93755e-0d32-4e8b-8379-4b8c69e4c0d4,dont.kim,available,14.99,,42,18,4,name.com,,
3c9e6cf1-8e38-478b-8a9c-b33fa9d3ae95,letthemhaveit.kim,available,14.99,,47,1,16,name.com,,
3cea2d95-8adb-41a5-9315-47aa75b57a1f,stumps.kim,available,14.99,,65,4,6,name.com,,
3cf23c83-ee80-43f1-b55e-f05729451f21,inpatient.kim,available,14.99,,68,3,10,name.com,,
3cf7ec70-2d33-4033-be17-f32cb96c628b,wears.kim,available,14.99,,62,7,5,name.com,,
3d0e9c6c-29f6-4223-a82f-9a509b40dc1e,GoldenValley.kim,available,32.98,,58,6,13,namecheap,,
3d0f7bdc-047c-42b1-bbdd-623c19c72655,newsstation.kim,available,14.99,,52,3,12,name.com,,
3d14f2f4-a20b-4fd2-a4e0-8e02735495c4,pestcontrol.kim,available,14.99,,74,18,12,name.com,,
3d1a34e8-81cb-46a9-8a80-9a40e7fcc6b3,transmitted.kim,available,14.99,,64,1,11,name.com,,
3d20d69f-01a5-4468-9454-d09497e014a5,takeabreak.kim,available,14.99,,86,8,12,name.com,,
3d34adf5-be2a-4139-88cc-76157b6ffbff,newsletters.kim,available,14.99,,63,15,11,name.com,,
3d38a61a-cd9c-4c33-90d5-212795277efc,droppedoff.kim,available,14.99,,52,1,11,name.com,,
3d4966a6-cd75-4f14-b88e-51eace21c9da,attendto.kim,available,14.99,,70,1,9,name.com,,
3d4c7abc-4197-4bc3-bbd4-5a61d7a1388c,mealsonwheels.kim,available,14.99,,80,5,15,name.com,,
3d73ea5b-5836-4273-9416-d21ff8519b89,estateduty.kim,available,14.99,,50,1,11,name.com,,
3dac59d2-06b8-4aeb-ae78-ffa9659522a0,fellowships.kim,available,14.99,,52,4,11,name.com,,
3dcb5dc3-3b48-4d9a-acde-bbb6926da293,goape.kim,available,14.99,,76,5,6,name.com,,
3df7f219-e660-4c36-a5d4-5ab881614668,cometotermswith.kim,available,14.99,,66,1,18,name.com,,
3e3264e0-c2fc-42df-8635-88452002c03d,proxymurder.kim,available,14.99,,36,1,12,name.com,,
3e34765b-0e86-40c1-89c9-86f975b807c5,deadon.kim,available,14.99,,66,4,7,name.com,,
3ed7ca7d-5eed-4d62-97e8-3b251f80791f,underprotest.kim,available,14.99,,30,1,13,name.com,,
3eecc65a-d84d-41ee-b771-1fa5f1a0cbd0,inshorttrousers.kim,available,14.99,,58,1,17,name.com,,
3ef2174e-2a55-4f1c-8ebc-d4016bcdd74d,sparkles.kim,available,14.99,,62,15,8,name.com,,
3f12312d-706e-4024-a380-975a10cac4ee,preferences.kim,available,14.99,,80,7,11,name.com,,
3f1c9cbd-72ba-4210-9f78-72125ef5da64,screens.kim,available,14.99,,54,13,7,name.com,,
3f1fa4e9-aeb0-468e-8a12-bc85e28e5e09,fillaway.kim,available,14.99,,70,1,9,name.com,,
3f61ae2b-a786-4d1d-a55c-e0d00f06d496,doup.kim,available,14.99,,70,5,5,name.com,,
3f68fcca-b001-4ca6-b615-921b1f014eea,relied.kim,available,14.99,,50,3,6,name.com,,
3f74e55a-1f0e-42c3-92b0-55589205eef7,goonthen.kim,available,14.99,,48,1,10,name.com,,
3f79c593-de98-4de2-a9fc-87bfadf481c0,likeashot.kim,available,14.99,,56,1,11,name.com,,
3f8f892e-906b-4215-bd11-664bff280c6b,masterofceremonies.kim,available,14.99,,60,2,20,name.com,,
3fa847ad-9e6f-4f88-bab0-50c92f54c6fc,costcutting.kim,available,14.99,,64,3,12,name.com,,
3fa988dc-d0c2-4bba-b436-cc5bf1586813,terrifies.kim,available,14.99,,39,1,9,name.com,,
3fbd1983-1232-448e-ab0d-7012ded9d8ba,cups.kim,available,14.99,,60,12,4,name.com,,
3fce928f-79da-4494-8145-4c020c8e43e1,inwithashout.kim,available,14.99,,60,1,15,name.com,,
3fd64a9a-5627-42a4-a329-f6082179a03c,lordoftherings.kim,available,14.99,,80,5,17,name.com,,
3fe5448d-9f39-40e0-997e-75f68ba20789,explains.kim,available,14.99,,50,4,8,name.com,,
3ff5ec2c-cf70-41d6-b63f-990e0f64f7de,rubs.kim,available,14.99,,52,6,4,name.com,,
401b7a57-8bdf-4ef2-a992-89c3d66a5b0f,slipthrough.kim,available,14.99,,66,1,12,name.com,,
4030396b-7a7b-4a75-b0e3-78956ea0f040,aboutfaced.kim,available,14.99,,48,1,11,name.com,,
403b0ecf-1cdf-402a-ba23-b54f14ebd0fb,clearthrough.kim,available,14.99,,44,0,13,name.com,,
403f355c-b9e1-4c64-a438-dd0b6b8d6721,introspection.kim,available,14.99,,66,8,13,name.com,,
405d3ed2-2aff-4772-beb0-d18acaceb251,denominations.kim,available,14.99,,42,2,13,name.com,,
4065bdac-ffe9-44f7-ae4e-b886a430cc8a,passed.kim,available,14.99,,62,6,6,name.com,,
40b687c6-f502-4c8a-923b-a61271f08d55,walked.kim,available,14.99,,60,5,6,name.com,,
40b904c2-4158-41bb-a7bb-606603a1194e,RosettaStone.kim,available,32.98,,58,12,13,namecheap,,
40cd9195-ce6e-43e0-898d-ba3d2a972341,provides.kim,available,14.99,,56,5,8,name.com,,
40d13077-79ae-4d8a-b643-70c8f4670957,massagetherapy.kim,available,14.99,,76,8,15,name.com,,
40e663d8-c0ca-4312-8644-d7bc33dec70f,doctors.kim,premium,1250,,56,26,7,name.com,,
41157563-b2e4-43de-8597-cc92632e2e10,IsleofThanet.kim,available,32.98,,52,2,14,namecheap,,
411f13c5-5e2c-480c-8293-743442854733,partners.kim,available,14.99,,61,32,8,name.com,,
4127945b-5d96-4eb0-9971-c19ad22d782b,reviewers.kim,available,14.99,,56,6,9,name.com,,
4137201a-e97a-41da-a1ee-db8fa919b703,vacations.kim,premium,1107,1107,56,19,9,namesilo,,
413a969d-142e-4765-a199-eb9727e299ca,failures.kim,available,14.99,,46,5,8,name.com,,
413f87ed-b5fe-4389-bb73-a1e9c2226309,AcademyAward.kim,available,32.98,,76,1,13,namecheap,,
414c05e1-fc2c-49bd-bb6e-235063345b12,bands.kim,available,14.99,,52,13,5,name.com,,
414ff62e-0241-4b48-a229-39b39a998cdb,haveyoumetme.kim,available,14.99,,44,1,15,name.com,,
41923d0c-0156-4b8a-a360-98e6b32e6698,appreciation.kim,available,14.99,,88,13,12,name.com,,
41a1387f-d930-459b-aff5-e9c6427abbad,tomboys.kim,available,14.99,,52,2,7,name.com,,
41e7a776-7aac-41f2-b5f5-acbb92c90e42,divein.kim,available,14.99,,76,9,7,name.com,,
420b81c2-c36d-4950-8c50-d0f673da7513,dropaline.kim,available,14.99,,64,2,11,name.com,,
4234310d-17c9-443e-a88d-c1465fcfd99d,cuddleup.kim,available,14.99,,89,4,9,name.com,,
426d185c-17dd-4a83-b2b2-088723f52e12,inyourdreams.kim,available,14.99,,40,3,14,name.com,,
429ce172-4531-4084-83e6-0f78eb4afb87,workmanship.kim,available,14.99,,74,3,11,name.com,,
42abe2d6-e58e-4ab6-8438-87aa655c6e9c,ontheropes.kim,available,14.99,,59,2,12,name.com,,
42b64eec-b983-4019-b30f-a88af38c78aa,underestimated.kim,available,14.99,,42,6,14,name.com,,
42eba68c-e44b-4adb-aded-122cb121decb,papered.kim,available,14.99,,50,3,7,name.com,,
432a2ff2-404c-451b-a6c4-a97ab383f970,inwriting.kim,available,14.99,,72,3,10,name.com,,
433139a4-8db7-46ac-b61c-c9f4914c70b1,cents.kim,available,14.99,,56,9,5,name.com,,
43413f36-d198-49f8-bff3-644493b868ce,ofchoice.kim,available,14.99,,58,1,9,name.com,,
434885f2-0aca-4a55-a027-13cf1e072ee6,comes.kim,available,14.99,,70,8,5,name.com,,
435158a3-8778-4778-bac8-6b4b2b43f6ff,gonowhere.kim,available,14.99,,62,2,10,name.com,,
4364c9f7-917d-4490-9cd2-0c074fe194e3,sucks.kim,available,14.99,,48,11,5,name.com,,
4374056c-3394-476c-8cd8-1ce3e0e3d0d6,leavenocrumbs.kim,available,14.99,,70,1,15,name.com,,
437473bf-4c0c-42ca-a7dd-f009a7f3006a,getonwith.kim,available,14.99,,79,1,11,name.com,,
4376f52f-eb2c-4106-999f-061db9426933,sums.kim,available,14.99,,50,9,4,name.com,,
438d14da-633a-42ce-b622-e2542cb00682,playon.kim,available,14.99,,80,14,7,name.com,,
43bb4531-b73d-4910-9094-2aa9593e55fc,getovertheline.kim,available,14.99,,69,1,17,name.com,,
43c93a46-2ce9-44c0-a9ce-5e8bbefa0ddb,slowed.kim,available,14.99,,48,3,6,name.com,,
43db5e0e-ee19-427f-8362-568d9e7f38fd,continues.kim,available,14.99,,48,3,9,name.com,,
43fc862c-4736-4296-98b8-2e86562a352e,CountyofSussex.kim,available,32.98,,44,2,16,namecheap,,
4427c1f6-ff0c-4a66-89a1-59bd95746682,childcategory.kim,available,14.99,,42,1,14,name.com,,
442d79cb-d65a-4407-add9-5d45e42ae51d,astheycome.kim,available,14.99,,56,1,12,name.com,,
44419163-9d32-41dc-a9d8-7dc856c75003,filingfees.kim,available,14.99,,46,1,11,name.com,,
4456f415-09f2-420e-818b-8e04443a5e18,Ilostmyhandbag.kim,available,32.98,,50,1,17,namecheap,,
4470b73d-c7f0-4044-8822-2b3c264438aa,moustaches.kim,available,14.99,,53,3,10,name.com,,
44bc7f52-5c9b-4c21-9f2e-0fc0a04f7eaf,cycles.kim,available,14.99,,52,13,6,name.com,,
44deb332-f61b-43e8-a3d2-82d9ba44b5cf,asoflate.kim,available,14.99,,56,0,10,name.com,,
44e1d0b5-b5bc-4277-80e4-7294416b2d01,sucked.kim,available,14.99,,54,4,6,name.com,,
44e32def-c50e-47b6-90d2-727bd1020cb5,daydreamed.kim,available,14.99,,62,1,10,name.com,,
44e781df-4a0a-465f-9e96-2fc8b12358c0,havenot.kim,available,14.99,,66,4,8,name.com,,
44ea1b16-ae0b-40c3-8d9a-3f2ff5297e47,sedans.kim,available,14.99,,51,3,6,name.com,,
44ef065a-cb4c-4cbb-a54e-ed42325ace08,letsomeonehaveit.kim,available,14.99,,67,1,19,name.com,,
45124b38-5ca1-4602-8bf4-15fa249d552f,gets.kim,available,14.99,,60,15,4,name.com,,
453808bb-8439-4b24-9088-bae4477401e7,reservations.kim,available,14.99,,50,17,12,name.com,,
453a1c57-8b5f-458a-af35-4fd443c70ddd,makethecut.kim,available,14.99,,78,3,12,name.com,,
45434244-603f-4f67-bd24-ccc260dd8a64,sacks.kim,available,14.99,,59,8,5,name.com,,
45542417-8cc5-4be3-89e2-cfca62e80872,inlaws.kim,available,14.99,,56,2,7,name.com,,
45601d5d-9a20-4135-9172-76353aceb7f4,jollyalong.kim,available,14.99,,82,1,11,name.com,,
45782ac5-ddfa-4b0d-8b01-7ccd09e81014,grandnieces.kim,available,14.99,,66,1,11,name.com,,
4586bebf-9482-4a25-8f7d-6a4b5d34af97,notices.kim,available,14.99,,48,6,7,name.com,,
458c63a9-4475-4cc8-bdc3-0ea621f2f4ef,shortages.kim,available,14.99,,48,3,9,name.com,,
4596f54d-6b05-4f31-a283-3f2a3cb83159,thrilly.kim,available,14.99,,71,2,7,name.com,,
45c113fa-8aad-478e-9f08-02c3eb7f3465,nights.kim,available,14.99,,74,12,6,name.com,,
45d46f81-44c5-44f8-ab37-e2e78187e98f,conflicts.kim,available,14.99,,66,5,9,name.com,,
45d932de-d5f9-4034-8821-22f59f6ec143,deeplearning.kim,available,14.99,,74,23,13,name.com,,
45f06dac-78be-4a85-9ba3-9b3c51bbc6ba,provinces.kim,available,14.99,,54,2,9,name.com,,
45f6c4b4-3501-448c-92be-5dcdece96613,letup.kim,available,14.99,,74,3,6,name.com,,
45fbe4f1-c671-44fe-8f4e-9260abaf5e28,nurses.kim,available,14.99,,54,13,6,name.com,,
465bf837-0096-4e1a-a6f4-0e5c0b36be95,vents.kim,available,14.99,,52,6,5,name.com,,
46bad32a-ef54-4c72-9922-1742576df6eb,spheres.kim,available,14.99,,50,10,7,name.com,,
46d24270-d95c-41c9-9921-485809a25e22,budgets.kim,available,14.99,,60,7,7,name.com,,
46da6c59-84c6-41db-854d-28ee4c0035a6,networks.kim,available,14.99,,60,20,8,name.com,,
46e7cfd3-457f-46ba-bc7b-b5929116ea76,holidays.kim,available,14.99,,78,23,8,name.com,,
46f0f11e-a88f-46c3-97e3-a832358b06ad,Ihaveafever.kim,available,32.98,,50,1,14,namecheap,,
46f7a573-8a0f-45b1-96a2-708b003262eb,oceans.kim,available,14.99,,64,22,6,name.com,,
470be0b5-cdef-42bb-9197-f27db39ec2c8,makethegrade.kim,available,14.99,,70,3,14,name.com,,
471bb2d2-2ad6-437d-8514-6870d2f4893d,makefriendswith.kim,available,14.99,,58,1,17,name.com,,
473c9573-0e36-4ec8-8f48-8457d1a31dc5,bicycles.kim,available,14.99,,68,9,8,name.com,,
474d6021-de4b-4b0d-a653-c0f71445b32f,Frenchthyme.kim,available,32.98,,74,1,12,namecheap,,
475dc588-de24-41e3-bd37-94049bd41a65,stronger.kim,available,14.99,,67,19,8,name.com,,
477981f3-5788-4152-9527-7e595efdc5a3,manycoloured.kim,available,14.99,,60,1,13,name.com,,
478f4809-d057-4697-9c37-4d4360d18f9b,takeaways.kim,available,14.99,,56,5,9,name.com,,
4799280e-12dc-4e6d-a22e-b27de116d86e,makes.kim,available,14.99,,66,17,5,name.com,,
47a1ccc7-7562-4f08-810c-dcad63672e2f,Ilostmybackpack.kim,available,32.98,,50,1,18,namecheap,,
47acc36c-c63b-42f1-bf18-dbc3e6ac64c8,gothroughwith.kim,available,14.99,,58,1,15,name.com,,
47bbe2a4-2eed-416d-bf9d-e3bd6c211660,Ihaveasthma.kim,available,32.98,,50,1,13,namecheap,,
47c7b668-1382-44c8-a263-6049cd53fa41,gaps.kim,available,14.99,,40,8,4,name.com,,
47e6ab84-adb5-4a80-b765-ba32bd9bdb86,returns.kim,available,14.99,,72,16,7,name.com,,
47f430b4-4ffc-4c40-88b2-e63b3e95b728,getoutside.kim,available,14.99,,79,6,11,name.com,,
4804dfba-216e-4a52-acf3-c0b6213f725d,neckrest.kim,available,14.99,,56,1,9,name.com,,
48082eb4-feec-4cb0-8178-6f532df31a42,playaround.kim,available,14.99,,72,5,11,name.com,,
480b19e0-3ece-4d14-9ccf-f679326606a3,hookup.kim,available,14.99,,76,16,7,name.com,,
48259d21-38fa-4e74-8ce9-6ce2391b4672,pairingoff.kim,available,14.99,,50,0,11,name.com,,
4833df05-9e0b-4264-b12e-55a236b91299,chaitea.kim,available,14.99,,86,3,8,name.com,,
48427f8d-599a-4dcb-8159-42da463ed4a4,speakers.kim,available,14.99,,66,12,8,name.com,,
4844552f-8799-42b3-a309-d616f6c472f1,geton.kim,available,14.99,,82,10,6,name.com,,
486d5018-0b2a-4a33-bf2f-ff0ed78e5689,decideupon.kim,available,14.99,,76,0,11,name.com,,
487655eb-b726-476d-ad96-0391bfc641cc,coffeeandcakes.kim,available,14.99,,72,2,16,name.com,,
48c3958c-4631-4574-a84b-b2a89a3b82c3,cells.kim,available,14.99,,61,13,5,name.com,,
48ced962-6dbd-4386-bbae-f2b770354b22,commonweal.kim,available,14.99,,68,5,11,name.com,,
48d0d177-cef9-42d0-9502-4fedb8c6e38b,sparklingwine.kim,available,14.99,,69,4,14,name.com,,
4923993b-f316-4ee7-8807-bf8e5af01ea2,salts.kim,available,14.99,,56,7,5,name.com,,
49277285-0ea5-4cae-9f29-360bb667141d,barbecues.kim,available,14.99,,66,4,9,name.com,,
493c955a-317a-4eae-b671-f53c00c672d4,pairs.kim,available,14.99,,54,11,5,name.com,,
493cb973-2e51-45b2-a617-013ddec4a9f5,stepup.kim,available,14.99,,78,19,7,name.com,,
4947edc5-f019-40f6-9ace-421348cc729c,registration.kim,available,14.99,,75,19,12,name.com,,
49786db1-d3dc-48e2-9580-5a815360d504,spectra.kim,available,14.99,,62,34,7,name.com,,
498bfcc9-7519-454f-9ae6-b3a0199d6313,butterflies.kim,available,14.99,,90,8,11,name.com,,
498ecaa3-cd46-4881-bde3-e82bcfd43c54,texting.kim,available,14.99,,72,13,7,name.com,,
49904480-aa79-4c9f-983f-80090cbcc6e5,recaptured.kim,available,14.99,,48,2,10,name.com,,
49972e1b-1c71-4f41-a38f-2e0c6796ec40,godark.kim,available,14.99,,68,5,7,name.com,,
499d09dd-a3b8-4956-9ef6-bd8255804ade,havetodo.kim,available,14.99,,56,1,10,name.com,,
49b2cef0-b16e-4795-855e-059ec51f7c05,letrip.kim,available,14.99,,75,2,7,name.com,,
49bfed69-7fe8-4ac1-9545-ad068256c096,highschools.kim,available,14.99,,65,4,12,name.com,,
49c18505-c82e-4f0a-b4bb-1585779619ea,highpolitics.kim,available,14.99,,62,0,13,name.com,,
49c2294f-3f81-4ddc-9aff-22bb8f458c8b,doesone.kim,available,14.99,,52,0,8,name.com,,
49cd0257-e544-4574-92ea-e62c552a88cf,gettheballrolling.kim,available,14.99,,72,1,20,name.com,,
4a06f72a-79a0-4624-b17e-846fe0f35cdd,moneymakers.kim,available,14.99,,60,9,11,name.com,,
4a085b3d-487e-4a97-a687-cab03c232bac,disobeying.kim,available,14.99,,46,1,10,name.com,,
4a1b3459-fd39-4512-b90d-2565d19a041a,onthemove.kim,available,14.99,,72,10,11,name.com,,
4a323413-483a-4d2c-b2ef-7b5498c46544,explanations.kim,available,14.99,,50,2,12,name.com,,
4a39d7a6-973c-4128-850c-5fcf0f051a61,letoffthehook.kim,available,14.99,,53,0,16,name.com,,
4a440ff4-50de-4dfd-b46a-dc47008b7caf,packup.kim,available,14.99,,76,5,7,name.com,,
4a5161fa-d1e1-4850-bc29-df9866415dd1,risks.kim,available,14.99,,43,10,5,name.com,,
4a5ca1dc-92db-4bcd-acb2-92f107a3acee,Places.kim,available,32.98,,74,22,6,namecheap,,
4a6b665a-6df4-415c-9949-c92ed5a9652a,stepping.kim,available,14.99,,73,5,8,name.com,,
4a724052-da74-485e-971f-9db4e8beedca,accountof.kim,available,14.99,,72,1,10,name.com,,
4a81b99e-c692-4c0d-b67e-f19b72a23749,webs.kim,available,14.99,,56,21,4,name.com,,
4aa2ec0e-626d-4659-8926-6274a0376970,redevelopment.kim,available,14.99,,62,4,13,name.com,,
4aab4a13-b0d1-4d4d-b4b0-4c8f4fa44d8f,pointofcare.kim,available,14.99,,70,4,13,name.com,,
4aba0b1b-b9dc-4ae6-9e39-ce3dbff49f87,manualworker.kim,available,14.99,,42,0,13,name.com,,
4ac27ba2-f395-475d-89f4-a045e172f2aa,singleout.kim,available,14.99,,72,1,10,name.com,,
4af490a7-d47e-41a7-a753-ddfdb8938f5a,havenots.kim,available,14.99,,60,5,9,name.com,,
4b2940e1-85c1-4f41-81a5-190381dfac82,waitup.kim,available,14.99,,63,2,7,name.com,,
4b36f7a7-c47f-4f66-a2fc-8ab14fb6b51d,scars.kim,available,14.99,,42,10,5,name.com,,
4b3e2e34-5745-41e0-bc97-895c3a3a424d,grandefinale.kim,available,14.99,,70,2,13,name.com,,
4b502b14-3013-496a-abb3-3d0d361d2520,trussmember.kim,available,14.99,,50,1,12,name.com,,
4b6721e5-bff7-4297-8456-ab1124875e5a,farms.kim,available,14.99,,54,16,5,name.com,,
4b82c9a4-3ce3-4aec-97b7-b627f643d6f4,calculations.kim,available,14.99,,52,4,12,name.com,,
4bcdf9cf-58a2-4997-b005-b1f7ff28d858,hitormiss.kim,available,14.99,,66,3,11,name.com,,
4be9108e-e08f-48f1-bd6e-252427269d21,goalongwith.kim,available,14.99,,70,1,13,name.com,,
4c062e9d-f765-4efe-90cf-528637f050cc,FinalFour.kim,available,32.98,,82,3,10,namecheap,,
4c15998f-3c0d-4fc3-b649-ac40fe6dced4,revolvearound.kim,available,14.99,,62,1,14,name.com,,
4c1ecc57-15f5-420f-948e-cf7825fe56ec,newsstand.kim,available,14.99,,52,5,10,name.com,,
4c68667a-f7dc-46c7-80c6-2a73e5313caf,newsfeature.kim,available,14.99,,50,1,12,name.com,,
4c766075-1696-4c12-a364-b3b5b632f344,demoted.kim,available,14.99,,46,1,7,name.com,,
4c791a91-d78c-4ed6-8909-81bd11b563a9,cometogrips.kim,available,14.99,,62,1,13,name.com,,
4c94a647-4216-4cc8-8087-1a9eb7a4e696,Vehicles.kim,available,32.98,,49,13,8,namecheap,,
4ca9e56d-680f-4f52-8120-e37d72fb1469,datadomain.kim,available,14.99,,52,4,11,name.com,,
4cb1d374-d446-4d5f-b3f1-cbb8b136c33c,FinalJudgment.kim,available,32.98,,54,2,14,namecheap,,
4cc50f46-7d32-4a4b-8852-5ac7d9177206,Ikidyounot.kim,available,32.98,,50,2,13,namecheap,,
4cc87397-15e5-47c1-826e-e2e5a693d03f,desires.kim,available,14.99,,72,9,7,name.com,,
4cc94baf-5267-4b63-ab88-17d61f4f9a92,forests.kim,available,14.99,,60,11,7,name.com,,
4cd6bb97-93fc-4561-b21f-ba8d5ef11fe7,piledup.kim,available,14.99,,52,1,8,name.com,,
4d013e1f-ca5e-4a0e-a0e0-75723b7bef68,flashmemory.kim,available,14.99,,76,2,12,name.com,,
4d0b4258-81e9-4dc7-9fbb-b582add7e1b7,usualoffice.kim,available,14.99,,57,0,12,name.com,,
4d28e725-ccf1-43b8-8a2a-70b86ddc585b,publicservice.kim,available,14.99,,65,8,14,name.com,,
4d2ed297-c5d8-4416-967a-1274af4a335b,gotobed.kim,available,14.99,,72,3,9,name.com,,
4d334640-7007-4039-9467-f50c75e69dbd,grandmothers.kim,available,14.99,,68,3,12,name.com,,
4d616510-29e6-44bc-8637-c2b265051d67,communityservice.kim,available,14.99,,72,5,17,name.com,,
4d680dfd-4bdf-4693-93f3-62b082212218,estateforlife.kim,available,14.99,,60,1,15,name.com,,
4d7f7506-76ee-434d-9b77-6c33b7f83a29,investors.kim,premium,1400,1400,60,23,9,namecheap,,
4d85eb9e-2db7-4973-a3fe-5a295f60cae2,liberties.kim,available,14.99,,56,6,9,name.com,,
4dbb26d6-46bf-4508-b358-a999e30031ef,contemplating.kim,available,14.99,,42,3,13,name.com,,
4dd6b369-6456-49bb-81f3-ccb46b72bb8b,tempers.kim,available,14.99,,56,2,7,name.com,,
4ded0460-0dd5-4bfb-b188-94f3ba592bae,manytomany.kim,available,14.99,,68,2,12,name.com,,
4df99227-f0f4-498b-a8f5-8ac80e02c518,flaxcotton.kim,available,14.99,,56,0,11,name.com,,
4dfdb62f-8dcd-45dd-87cb-3f05afac0365,changeofvenue.kim,available,14.99,,60,1,15,name.com,,
4e003e10-621d-4007-899b-5f662f44c357,CountyofWyandot.kim,available,14.99,,42,0,17,name.com,,
4e0b9fbd-1ca9-435e-b0b6-7f065f01eafc,getitoverwith.kim,available,14.99,,50,1,16,name.com,,
4e166587-3fb9-4fee-adf3-5eb30231a35b,tubes.kim,available,14.99,,48,12,5,name.com,,
4e38a0e4-9d92-4eee-bd9d-c495295878d4,keepupwith.kim,available,14.99,,76,2,12,name.com,,
4e3a567e-70f4-4ea2-a01a-dd558102edbd,practitioners.kim,premium,242,242,48,5,13,namesilo,,
4e4f5080-9777-47f8-bd56-d4c981274e13,getthememo.kim,available,14.99,,74,1,12,name.com,,
4ea5239d-6bfe-451a-858c-cccc0390e20e,aboutto.kim,available,14.99,,56,2,8,name.com,,
4ed6b4b6-c4d8-4b99-90a0-cf653a75cf73,coffeeroyal.kim,available,14.99,,80,1,12,name.com,,
4ee90d50-14b7-40d3-abdc-6fd0789ce70c,loans.kim,available,14.99,,58,24,5,name.com,,
4f07e92a-24d9-4c2b-af72-7afe2aa3c543,fullfrontalnudity.kim,available,14.99,,48,1,19,name.com,,
4f08381b-2bf9-43f9-8b7d-d6af92444aaf,woodentruss.kim,available,14.99,,56,1,12,name.com,,
4f096f01-c7b2-4b52-8de6-043404db719f,getused.kim,available,14.99,,72,2,8,name.com,,
4f10f269-a403-4a7c-bc32-1632ad4f7d88,roastbeef.kim,available,14.99,,80,4,10,name.com,,
4f2ae2c4-27d7-4ccd-bc82-bf93385d3106,wafers.kim,available,14.99,,54,4,6,name.com,,
4f3561ab-901d-4bb1-b622-2cb104473ae3,makings.kim,available,14.99,,70,3,7,name.com,,
4f3a20d9-13b5-4cb1-bcdb-068c4df02843,timestamps.kim,available,14.99,,61,6,10,name.com,,
4f421959-02b5-44ab-bbb2-2d6171726022,travellers.kim,available,14.99,,53,11,10,name.com,,
4f4240db-e16a-452b-9ae8-99203f0ced44,somuchfor.kim,available,14.99,,46,0,11,name.com,,
4f429725-877e-4390-babf-3b4b09894646,toweloff.kim,available,14.99,,70,1,9,name.com,,
4f543aee-a58b-4845-bda4-992fac6d03be,attachments.kim,available,14.99,,58,6,11,name.com,,
4f57fb68-ea46-44cb-8625-da5815bcd4c7,males.kim,available,14.99,,58,9,5,name.com,,
4fc04b53-8bc4-46ba-8447-72e1a54d4ef8,estimating.kim,available,14.99,,50,7,10,name.com,,
4fd8bd64-457c-4100-ada3-0eed63c70ef7,Iwish.kim,available,32.98,,58,12,6,namecheap,,
4ff2b7d8-bb32-45f6-9dfe-e07019bd989c,accountstated.kim,available,14.99,,40,2,14,name.com,,
4fffb768-7fde-4786-bc9f-908c395a2e38,backtalk.kim,available,14.99,,68,5,9,name.com,,
5015f4c6-c47f-4e78-a86c-da3c91e923d3,keypresses.kim,available,14.99,,54,0,11,name.com,,
5020c945-ea80-4a01-9d0d-e6e8577425e7,putitthere.kim,available,14.99,,54,1,12,name.com,,
503edae2-5106-419b-8d67-5f8b8d284a22,nonsmoking.kim,available,14.99,,68,3,11,name.com,,
5067a534-20d5-41f2-9884-3eead1881301,breasts.kim,available,14.99,,50,9,7,name.com,,
5071280d-63c0-4de8-8285-4279c586256d,Lordonlyknows.kim,available,32.98,,58,1,15,namecheap,,
50af288c-c05e-4308-b2e4-2ffe36ff9bf3,OLEDdisplay.kim,available,14.99,,62,1,12,name.com,,
50d175d9-6c5c-44eb-97b8-e8832ca53368,germs.kim,available,14.99,,40,5,5,name.com,,
50fbc531-1b94-4adf-9aab-0842ecac62f9,coaches.kim,available,14.99,,56,15,7,name.com,,
513694cf-8b61-453c-9208-40e70084fd6b,successively.kim,available,14.99,,56,0,12,name.com,,
51445d6e-285f-44f5-9a86-2bedc23c9b66,paparazzi.kim,available,14.99,,71,12,9,name.com,,
514c702b-d043-4f21-9772-49f988508c80,DalaiLamas.kim,available,14.99,,62,0,11,name.com,,
5158558b-3b6a-4940-b9c8-89a8bf486935,costcontrol.kim,available,14.99,,52,4,12,name.com,,
518c2529-c73e-4439-8221-eb7532b0532a,bloodvessels.kim,available,14.99,,48,1,13,name.com,,
51b29fd7-77e1-4326-b078-eac59d6a7a09,VanGoghs.kim,available,14.99,,53,2,9,name.com,,
51be2c95-e488-40f2-9672-e15d6b2d153c,newest.kim,available,14.99,,64,12,6,name.com,,
51d9e295-b54f-4c7d-8887-f7371d3c3b24,useit.kim,available,14.99,,94,7,6,name.com,,
51e55b5c-3aa5-45d4-9cc0-05eb1087a4f9,shows.kim,available,14.99,,66,16,5,name.com,,
51f489e9-ab43-4c66-882b-59f57dc27021,computers.kim,available,14.99,,68,19,9,name.com,,
5207d77a-6fed-4f52-a366-d3f0d0b99a32,constants.kim,available,14.99,,70,4,9,name.com,,
522b0971-400a-4be7-aa97-3ae46e41ee31,mathematics.kim,available,14.99,,68,19,11,name.com,,
52732f5f-58b9-45a1-91a6-0c4af12c1cb3,finals.kim,available,14.99,,80,7,6,name.com,,
52b0650e-da01-4bbb-ba65-d13756d2b905,planets.kim,available,14.99,,60,13,7,name.com,,
52b5e926-da70-4a4c-a367-2c9471ef2da8,mosquitoes.kim,available,14.99,,42,4,10,name.com,,
52c2c40d-4d4e-4b7e-9d56-4d20f07f5e32,tastes.kim,available,14.99,,52,6,6,name.com,,
52d92c4f-ccdc-4b6b-96cc-0f275e2154d8,quitting.kim,available,14.99,,54,4,8,name.com,,
52db9d23-bead-41a3-8e2a-e4a3a2cba985,conductcode.kim,available,14.99,,50,1,12,name.com,,
5334a3bb-52dc-4087-b538-0232c851565c,tonedown.kim,available,14.99,,72,1,9,name.com,,
53380e65-4e96-4f52-823f-578e62ecf144,keepwith.kim,available,14.99,,48,2,9,name.com,,
5352ae07-2cfb-4f7f-99d5-0693623ec835,estimationtheory.kim,available,14.99,,60,1,17,name.com,,
536fb415-5283-466d-afbf-bca8e42b8a87,gomad.kim,available,14.99,,70,5,6,name.com,,
537312dc-a943-42ec-a523-6a8bb18482aa,manyhandedness.kim,available,14.99,,64,1,15,name.com,,
537375eb-c75f-415e-ba42-4b0f3c7fe2c9,fits.kim,available,14.99,,54,15,4,name.com,,
539823b3-6072-4fa7-9897-953b17fde412,filefootage.kim,available,14.99,,74,1,12,name.com,,
53a8ebab-eaff-4917-8270-f4646776823a,summertime.kim,available,14.99,,78,11,11,name.com,,
53c66441-9916-40bf-befd-b05f7d144ff0,gamers.kim,available,14.99,,62,24,6,name.com,,
5413d783-372c-4613-a5d8-152d5497b271,ratings.kim,available,14.99,,53,19,7,name.com,,
544a55b8-fe70-485e-87ab-6a3ef08abc48,owns.kim,available,14.99,,56,8,4,name.com,,
545144ef-3e92-4710-bfc1-1b99fb4305e2,thanksaton.kim,available,14.99,,62,1,12,name.com,,
545700cd-b41a-463e-99df-12fc70d13ced,gives.kim,available,14.99,,52,12,5,name.com,,
546a7606-9fc6-418b-a658-9973efce9e88,monkeys.kim,available,14.99,,56,13,7,name.com,,